country_code,year,population,source,reference_date,source_url,basis
AU-ACT,1981,227581,ABS,1981-06-30,https://www.abs.gov.au/statistics/people/population/national-state-and-territory-population/mar-2026/310104.xlsx,june_estimated_resident_population
AU-ACT,1982,233045,ABS,1982-06-30,https://www.abs.gov.au/statistics/people/population/national-state-and-territory-population/mar-2026/310104.xlsx,june_estimated_resident_population
AU-ACT,1983,238983,ABS,1983-06-30,https://www.abs.gov.au/statistics/people/population/national-state-and-territory-population/mar-2026/310104.xlsx,june_estimated_resident_population
AU-ACT,1984,245112,ABS,1984-06-30,https://www.abs.gov.au/statistics/people/population/national-state-and-territory-population/mar-2026/310104.xlsx,june_estimated_resident_population
AU-ACT,1985,251389,ABS,1985-06-30,https://www.abs.gov.au/statistics/people/population/national-state-and-territory-population/mar-2026/310104.xlsx,june_estimated_resident_population
AU-ACT,1986,258910,ABS,1986-06-30,https://www.abs.gov.au/statistics/people/population/national-state-and-territory-population/mar-2026/310104.xlsx,june_estimated_resident_population
AU-ACT,1987,265477,ABS,1987-06-30,https://www.abs.gov.au/statistics/people/population/national-state-and-territory-population/mar-2026/310104.xlsx,june_estimated_resident_population
AU-ACT,1988,272129,ABS,1988-06-30,https://www.abs.gov.au/statistics/people/population/national-state-and-territory-population/mar-2026/310104.xlsx,june_estimated_resident_population
AU-ACT,1989,276432,ABS,1989-06-30,https://www.abs.gov.au/statistics/people/population/national-state-and-territory-population/mar-2026/310104.xlsx,june_estimated_resident_population
AU-ACT,1990,282211,ABS,1990-06-30,https://www.abs.gov.au/statistics/people/population/national-state-and-territory-population/mar-2026/310104.xlsx,june_estimated_resident_population
AU-ACT,1991,289320,ABS,1991-06-30,https://www.abs.gov.au/statistics/people/population/national-state-and-territory-population/mar-2026/310104.xlsx,june_estimated_resident_population
AU-ACT,1992,294887,ABS,1992-06-30,https://www.abs.gov.au/statistics/people/population/national-state-and-territory-population/mar-2026/310104.xlsx,june_estimated_resident_population
AU-ACT,1993,299753,ABS,1993-06-30,https://www.abs.gov.au/statistics/people/population/national-state-and-territory-population/mar-2026/310104.xlsx,june_estimated_resident_population
AU-ACT,1994,302194,ABS,1994-06-30,https://www.abs.gov.au/statistics/people/population/national-state-and-territory-population/mar-2026/310104.xlsx,june_estimated_resident_population
AU-ACT,1995,305838,ABS,1995-06-30,https://www.abs.gov.au/statistics/people/population/national-state-and-territory-population/mar-2026/310104.xlsx,june_estimated_resident_population
AU-ACT,1996,309629,ABS,1996-06-30,https://www.abs.gov.au/statistics/people/population/national-state-and-territory-population/mar-2026/310104.xlsx,june_estimated_resident_population
AU-ACT,1997,310533,ABS,1997-06-30,https://www.abs.gov.au/statistics/people/population/national-state-and-territory-population/mar-2026/310104.xlsx,june_estimated_resident_population
AU-ACT,1998,311532,ABS,1998-06-30,https://www.abs.gov.au/statistics/people/population/national-state-and-territory-population/mar-2026/310104.xlsx,june_estimated_resident_population
AU-ACT,1999,314171,ABS,1999-06-30,https://www.abs.gov.au/statistics/people/population/national-state-and-territory-population/mar-2026/310104.xlsx,june_estimated_resident_population
AU-ACT,2000,317235,ABS,2000-06-30,https://www.abs.gov.au/statistics/people/population/national-state-and-territory-population/mar-2026/310104.xlsx,june_estimated_resident_population
AU-ACT,2001,321538,ABS,2001-06-30,https://www.abs.gov.au/statistics/people/population/national-state-and-territory-population/mar-2026/310104.xlsx,june_estimated_resident_population
AU-ACT,2002,324627,ABS,2002-06-30,https://www.abs.gov.au/statistics/people/population/national-state-and-territory-population/mar-2026/310104.xlsx,june_estimated_resident_population
AU-ACT,2003,327357,ABS,2003-06-30,https://www.abs.gov.au/statistics/people/population/national-state-and-territory-population/mar-2026/310104.xlsx,june_estimated_resident_population
AU-ACT,2004,328940,ABS,2004-06-30,https://www.abs.gov.au/statistics/people/population/national-state-and-territory-population/mar-2026/310104.xlsx,june_estimated_resident_population
AU-ACT,2005,331399,ABS,2005-06-30,https://www.abs.gov.au/statistics/people/population/national-state-and-territory-population/mar-2026/310104.xlsx,june_estimated_resident_population
AU-ACT,2006,335170,ABS,2006-06-30,https://www.abs.gov.au/statistics/people/population/national-state-and-territory-population/mar-2026/310104.xlsx,june_estimated_resident_population
AU-ACT,2007,342644,ABS,2007-06-30,https://www.abs.gov.au/statistics/people/population/national-state-and-territory-population/mar-2026/310104.xlsx,june_estimated_resident_population
AU-ACT,2008,348368,ABS,2008-06-30,https://www.abs.gov.au/statistics/people/population/national-state-and-territory-population/mar-2026/310104.xlsx,june_estimated_resident_population
AU-ACT,2009,354785,ABS,2009-06-30,https://www.abs.gov.au/statistics/people/population/national-state-and-territory-population/mar-2026/310104.xlsx,june_estimated_resident_population
AU-ACT,2010,361766,ABS,2010-06-30,https://www.abs.gov.au/statistics/people/population/national-state-and-territory-population/mar-2026/310104.xlsx,june_estimated_resident_population
AU-ACT,2011,367985,ABS,2011-06-30,https://www.abs.gov.au/statistics/people/population/national-state-and-territory-population/mar-2026/310104.xlsx,june_estimated_resident_population
AU-ACT,2012,376539,ABS,2012-06-30,https://www.abs.gov.au/statistics/people/population/national-state-and-territory-population/mar-2026/310104.xlsx,june_estimated_resident_population
AU-ACT,2013,383257,ABS,2013-06-30,https://www.abs.gov.au/statistics/people/population/national-state-and-territory-population/mar-2026/310104.xlsx,june_estimated_resident_population
AU-ACT,2014,388799,ABS,2014-06-30,https://www.abs.gov.au/statistics/people/population/national-state-and-territory-population/mar-2026/310104.xlsx,june_estimated_resident_population
AU-ACT,2015,395813,ABS,2015-06-30,https://www.abs.gov.au/statistics/people/population/national-state-and-territory-population/mar-2026/310104.xlsx,june_estimated_resident_population
AU-ACT,2016,403104,ABS,2016-06-30,https://www.abs.gov.au/statistics/people/population/national-state-and-territory-population/mar-2026/310104.xlsx,june_estimated_resident_population
AU-ACT,2017,415046,ABS,2017-06-30,https://www.abs.gov.au/statistics/people/population/national-state-and-territory-population/mar-2026/310104.xlsx,june_estimated_resident_population
AU-ACT,2018,426081,ABS,2018-06-30,https://www.abs.gov.au/statistics/people/population/national-state-and-territory-population/mar-2026/310104.xlsx,june_estimated_resident_population
AU-ACT,2019,435730,ABS,2019-06-30,https://www.abs.gov.au/statistics/people/population/national-state-and-territory-population/mar-2026/310104.xlsx,june_estimated_resident_population
AU-ACT,2020,444903,ABS,2020-06-30,https://www.abs.gov.au/statistics/people/population/national-state-and-territory-population/mar-2026/310104.xlsx,june_estimated_resident_population
AU-ACT,2021,452508,ABS,2021-06-30,https://www.abs.gov.au/statistics/people/population/national-state-and-territory-population/mar-2026/310104.xlsx,june_estimated_resident_population
AU-ACT,2022,461262,ABS,2022-06-30,https://www.abs.gov.au/statistics/people/population/national-state-and-territory-population/mar-2026/310104.xlsx,june_estimated_resident_population
AU-ACT,2023,471340,ABS,2023-06-30,https://www.abs.gov.au/statistics/people/population/national-state-and-territory-population/mar-2026/310104.xlsx,june_estimated_resident_population
AU-ACT,2024,478430,ABS,2024-06-30,https://www.abs.gov.au/statistics/people/population/national-state-and-territory-population/mar-2026/310104.xlsx,june_estimated_resident_population
AU-ACT,2025,484681,ABS,2025-06-30,https://www.abs.gov.au/statistics/people/population/national-state-and-territory-population/mar-2026/310104.xlsx,june_estimated_resident_population
AU-ACT,2026,489668,ABS,2026-03-31,https://www.abs.gov.au/statistics/people/population/national-state-and-territory-population/mar-2026/310104.xlsx,latest_observed_quarter_same_year
AU-NSW,1981,5234889,ABS,1981-06-30,https://www.abs.gov.au/statistics/people/population/national-state-and-territory-population/mar-2026/310104.xlsx,june_estimated_resident_population
AU-NSW,1982,5303580,ABS,1982-06-30,https://www.abs.gov.au/statistics/people/population/national-state-and-territory-population/mar-2026/310104.xlsx,june_estimated_resident_population
AU-NSW,1983,5352959,ABS,1983-06-30,https://www.abs.gov.au/statistics/people/population/national-state-and-territory-population/mar-2026/310104.xlsx,june_estimated_resident_population
AU-NSW,1984,5402729,ABS,1984-06-30,https://www.abs.gov.au/statistics/people/population/national-state-and-territory-population/mar-2026/310104.xlsx,june_estimated_resident_population
AU-NSW,1985,5464512,ABS,1985-06-30,https://www.abs.gov.au/statistics/people/population/national-state-and-territory-population/mar-2026/310104.xlsx,june_estimated_resident_population
AU-NSW,1986,5531526,ABS,1986-06-30,https://www.abs.gov.au/statistics/people/population/national-state-and-territory-population/mar-2026/310104.xlsx,june_estimated_resident_population
AU-NSW,1987,5616736,ABS,1987-06-30,https://www.abs.gov.au/statistics/people/population/national-state-and-territory-population/mar-2026/310104.xlsx,june_estimated_resident_population
AU-NSW,1988,5707309,ABS,1988-06-30,https://www.abs.gov.au/statistics/people/population/national-state-and-territory-population/mar-2026/310104.xlsx,june_estimated_resident_population
AU-NSW,1989,5776283,ABS,1989-06-30,https://www.abs.gov.au/statistics/people/population/national-state-and-territory-population/mar-2026/310104.xlsx,june_estimated_resident_population
AU-NSW,1990,5834021,ABS,1990-06-30,https://www.abs.gov.au/statistics/people/population/national-state-and-territory-population/mar-2026/310104.xlsx,june_estimated_resident_population
AU-NSW,1991,5898731,ABS,1991-06-30,https://www.abs.gov.au/statistics/people/population/national-state-and-territory-population/mar-2026/310104.xlsx,june_estimated_resident_population
AU-NSW,1992,5957822,ABS,1992-06-30,https://www.abs.gov.au/statistics/people/population/national-state-and-territory-population/mar-2026/310104.xlsx,june_estimated_resident_population
AU-NSW,1993,5995055,ABS,1993-06-30,https://www.abs.gov.au/statistics/people/population/national-state-and-territory-population/mar-2026/310104.xlsx,june_estimated_resident_population
AU-NSW,1994,6044819,ABS,1994-06-30,https://www.abs.gov.au/statistics/people/population/national-state-and-territory-population/mar-2026/310104.xlsx,june_estimated_resident_population
AU-NSW,1995,6105560,ABS,1995-06-30,https://www.abs.gov.au/statistics/people/population/national-state-and-territory-population/mar-2026/310104.xlsx,june_estimated_resident_population
AU-NSW,1996,6176461,ABS,1996-06-30,https://www.abs.gov.au/statistics/people/population/national-state-and-territory-population/mar-2026/310104.xlsx,june_estimated_resident_population
AU-NSW,1997,6246267,ABS,1997-06-30,https://www.abs.gov.au/statistics/people/population/national-state-and-territory-population/mar-2026/310104.xlsx,june_estimated_resident_population
AU-NSW,1998,6305799,ABS,1998-06-30,https://www.abs.gov.au/statistics/people/population/national-state-and-territory-population/mar-2026/310104.xlsx,june_estimated_resident_population
AU-NSW,1999,6375103,ABS,1999-06-30,https://www.abs.gov.au/statistics/people/population/national-state-and-territory-population/mar-2026/310104.xlsx,june_estimated_resident_population
AU-NSW,2000,6446558,ABS,2000-06-30,https://www.abs.gov.au/statistics/people/population/national-state-and-territory-population/mar-2026/310104.xlsx,june_estimated_resident_population
AU-NSW,2001,6530349,ABS,2001-06-30,https://www.abs.gov.au/statistics/people/population/national-state-and-territory-population/mar-2026/310104.xlsx,june_estimated_resident_population
AU-NSW,2002,6580807,ABS,2002-06-30,https://www.abs.gov.au/statistics/people/population/national-state-and-territory-population/mar-2026/310104.xlsx,june_estimated_resident_population
AU-NSW,2003,6620715,ABS,2003-06-30,https://www.abs.gov.au/statistics/people/population/national-state-and-territory-population/mar-2026/310104.xlsx,june_estimated_resident_population
AU-NSW,2004,6650735,ABS,2004-06-30,https://www.abs.gov.au/statistics/people/population/national-state-and-territory-population/mar-2026/310104.xlsx,june_estimated_resident_population
AU-NSW,2005,6693206,ABS,2005-06-30,https://www.abs.gov.au/statistics/people/population/national-state-and-territory-population/mar-2026/310104.xlsx,june_estimated_resident_population
AU-NSW,2006,6742690,ABS,2006-06-30,https://www.abs.gov.au/statistics/people/population/national-state-and-territory-population/mar-2026/310104.xlsx,june_estimated_resident_population
AU-NSW,2007,6834156,ABS,2007-06-30,https://www.abs.gov.au/statistics/people/population/national-state-and-territory-population/mar-2026/310104.xlsx,june_estimated_resident_population
AU-NSW,2008,6943461,ABS,2008-06-30,https://www.abs.gov.au/statistics/people/population/national-state-and-territory-population/mar-2026/310104.xlsx,june_estimated_resident_population
AU-NSW,2009,7053755,ABS,2009-06-30,https://www.abs.gov.au/statistics/people/population/national-state-and-territory-population/mar-2026/310104.xlsx,june_estimated_resident_population
AU-NSW,2010,7144292,ABS,2010-06-30,https://www.abs.gov.au/statistics/people/population/national-state-and-territory-population/mar-2026/310104.xlsx,june_estimated_resident_population
AU-NSW,2011,7218529,ABS,2011-06-30,https://www.abs.gov.au/statistics/people/population/national-state-and-territory-population/mar-2026/310104.xlsx,june_estimated_resident_population
AU-NSW,2012,7304244,ABS,2012-06-30,https://www.abs.gov.au/statistics/people/population/national-state-and-territory-population/mar-2026/310104.xlsx,june_estimated_resident_population
AU-NSW,2013,7404032,ABS,2013-06-30,https://www.abs.gov.au/statistics/people/population/national-state-and-territory-population/mar-2026/310104.xlsx,june_estimated_resident_population
AU-NSW,2014,7508353,ABS,2014-06-30,https://www.abs.gov.au/statistics/people/population/national-state-and-territory-population/mar-2026/310104.xlsx,june_estimated_resident_population
AU-NSW,2015,7616168,ABS,2015-06-30,https://www.abs.gov.au/statistics/people/population/national-state-and-territory-population/mar-2026/310104.xlsx,june_estimated_resident_population
AU-NSW,2016,7732858,ABS,2016-06-30,https://www.abs.gov.au/statistics/people/population/national-state-and-territory-population/mar-2026/310104.xlsx,june_estimated_resident_population
AU-NSW,2017,7855316,ABS,2017-06-30,https://www.abs.gov.au/statistics/people/population/national-state-and-territory-population/mar-2026/310104.xlsx,june_estimated_resident_population
AU-NSW,2018,7954476,ABS,2018-06-30,https://www.abs.gov.au/statistics/people/population/national-state-and-territory-population/mar-2026/310104.xlsx,june_estimated_resident_population
AU-NSW,2019,8046748,ABS,2019-06-30,https://www.abs.gov.au/statistics/people/population/national-state-and-territory-population/mar-2026/310104.xlsx,june_estimated_resident_population
AU-NSW,2020,8110610,ABS,2020-06-30,https://www.abs.gov.au/statistics/people/population/national-state-and-territory-population/mar-2026/310104.xlsx,june_estimated_resident_population
AU-NSW,2021,8097062,ABS,2021-06-30,https://www.abs.gov.au/statistics/people/population/national-state-and-territory-population/mar-2026/310104.xlsx,june_estimated_resident_population
AU-NSW,2022,8182098,ABS,2022-06-30,https://www.abs.gov.au/statistics/people/population/national-state-and-territory-population/mar-2026/310104.xlsx,june_estimated_resident_population
AU-NSW,2023,8356387,ABS,2023-06-30,https://www.abs.gov.au/statistics/people/population/national-state-and-territory-population/mar-2026/310104.xlsx,june_estimated_resident_population
AU-NSW,2024,8492050,ABS,2024-06-30,https://www.abs.gov.au/statistics/people/population/national-state-and-territory-population/mar-2026/310104.xlsx,june_estimated_resident_population
AU-NSW,2025,8587369,ABS,2025-06-30,https://www.abs.gov.au/statistics/people/population/national-state-and-territory-population/mar-2026/310104.xlsx,june_estimated_resident_population
AU-NSW,2026,8670105,ABS,2026-03-31,https://www.abs.gov.au/statistics/people/population/national-state-and-territory-population/mar-2026/310104.xlsx,latest_observed_quarter_same_year
AU-NT,1981,122616,ABS,1981-06-30,https://www.abs.gov.au/statistics/people/population/national-state-and-territory-population/mar-2026/310104.xlsx,june_estimated_resident_population
AU-NT,1982,130314,ABS,1982-06-30,https://www.abs.gov.au/statistics/people/population/national-state-and-territory-population/mar-2026/310104.xlsx,june_estimated_resident_population
AU-NT,1983,135916,ABS,1983-06-30,https://www.abs.gov.au/statistics/people/population/national-state-and-territory-population/mar-2026/310104.xlsx,june_estimated_resident_population
AU-NT,1984,142154,ABS,1984-06-30,https://www.abs.gov.au/statistics/people/population/national-state-and-territory-population/mar-2026/310104.xlsx,june_estimated_resident_population
AU-NT,1985,148536,ABS,1985-06-30,https://www.abs.gov.au/statistics/people/population/national-state-and-territory-population/mar-2026/310104.xlsx,june_estimated_resident_population
AU-NT,1986,154421,ABS,1986-06-30,https://www.abs.gov.au/statistics/people/population/national-state-and-territory-population/mar-2026/310104.xlsx,june_estimated_resident_population
AU-NT,1987,158205,ABS,1987-06-30,https://www.abs.gov.au/statistics/people/population/national-state-and-territory-population/mar-2026/310104.xlsx,june_estimated_resident_population
AU-NT,1988,159026,ABS,1988-06-30,https://www.abs.gov.au/statistics/people/population/national-state-and-territory-population/mar-2026/310104.xlsx,june_estimated_resident_population
AU-NT,1989,161179,ABS,1989-06-30,https://www.abs.gov.au/statistics/people/population/national-state-and-territory-population/mar-2026/310104.xlsx,june_estimated_resident_population
AU-NT,1990,163728,ABS,1990-06-30,https://www.abs.gov.au/statistics/people/population/national-state-and-territory-population/mar-2026/310104.xlsx,june_estimated_resident_population
AU-NT,1991,165493,ABS,1991-06-30,https://www.abs.gov.au/statistics/people/population/national-state-and-territory-population/mar-2026/310104.xlsx,june_estimated_resident_population
AU-NT,1992,168546,ABS,1992-06-30,https://www.abs.gov.au/statistics/people/population/national-state-and-territory-population/mar-2026/310104.xlsx,june_estimated_resident_population
AU-NT,1993,171708,ABS,1993-06-30,https://www.abs.gov.au/statistics/people/population/national-state-and-territory-population/mar-2026/310104.xlsx,june_estimated_resident_population
AU-NT,1994,174908,ABS,1994-06-30,https://www.abs.gov.au/statistics/people/population/national-state-and-territory-population/mar-2026/310104.xlsx,june_estimated_resident_population
AU-NT,1995,179602,ABS,1995-06-30,https://www.abs.gov.au/statistics/people/population/national-state-and-territory-population/mar-2026/310104.xlsx,june_estimated_resident_population
AU-NT,1996,184516,ABS,1996-06-30,https://www.abs.gov.au/statistics/people/population/national-state-and-territory-population/mar-2026/310104.xlsx,june_estimated_resident_population
AU-NT,1997,189755,ABS,1997-06-30,https://www.abs.gov.au/statistics/people/population/national-state-and-territory-population/mar-2026/310104.xlsx,june_estimated_resident_population
AU-NT,1998,192905,ABS,1998-06-30,https://www.abs.gov.au/statistics/people/population/national-state-and-territory-population/mar-2026/310104.xlsx,june_estimated_resident_population
AU-NT,1999,196012,ABS,1999-06-30,https://www.abs.gov.au/statistics/people/population/national-state-and-territory-population/mar-2026/310104.xlsx,june_estimated_resident_population
AU-NT,2000,199149,ABS,2000-06-30,https://www.abs.gov.au/statistics/people/population/national-state-and-territory-population/mar-2026/310104.xlsx,june_estimated_resident_population
AU-NT,2001,201743,ABS,2001-06-30,https://www.abs.gov.au/statistics/people/population/national-state-and-territory-population/mar-2026/310104.xlsx,june_estimated_resident_population
AU-NT,2002,202251,ABS,2002-06-30,https://www.abs.gov.au/statistics/people/population/national-state-and-territory-population/mar-2026/310104.xlsx,june_estimated_resident_population
AU-NT,2003,201725,ABS,2003-06-30,https://www.abs.gov.au/statistics/people/population/national-state-and-territory-population/mar-2026/310104.xlsx,june_estimated_resident_population
AU-NT,2004,202663,ABS,2004-06-30,https://www.abs.gov.au/statistics/people/population/national-state-and-territory-population/mar-2026/310104.xlsx,june_estimated_resident_population
AU-NT,2005,205905,ABS,2005-06-30,https://www.abs.gov.au/statistics/people/population/national-state-and-territory-population/mar-2026/310104.xlsx,june_estimated_resident_population
AU-NT,2006,209057,ABS,2006-06-30,https://www.abs.gov.au/statistics/people/population/national-state-and-territory-population/mar-2026/310104.xlsx,june_estimated_resident_population
AU-NT,2007,213748,ABS,2007-06-30,https://www.abs.gov.au/statistics/people/population/national-state-and-territory-population/mar-2026/310104.xlsx,june_estimated_resident_population
AU-NT,2008,219874,ABS,2008-06-30,https://www.abs.gov.au/statistics/people/population/national-state-and-territory-population/mar-2026/310104.xlsx,june_estimated_resident_population
AU-NT,2009,226027,ABS,2009-06-30,https://www.abs.gov.au/statistics/people/population/national-state-and-territory-population/mar-2026/310104.xlsx,june_estimated_resident_population
AU-NT,2010,229778,ABS,2010-06-30,https://www.abs.gov.au/statistics/people/population/national-state-and-territory-population/mar-2026/310104.xlsx,june_estimated_resident_population
AU-NT,2011,231292,ABS,2011-06-30,https://www.abs.gov.au/statistics/people/population/national-state-and-territory-population/mar-2026/310104.xlsx,june_estimated_resident_population
AU-NT,2012,235915,ABS,2012-06-30,https://www.abs.gov.au/statistics/people/population/national-state-and-territory-population/mar-2026/310104.xlsx,june_estimated_resident_population
AU-NT,2013,241722,ABS,2013-06-30,https://www.abs.gov.au/statistics/people/population/national-state-and-territory-population/mar-2026/310104.xlsx,june_estimated_resident_population
AU-NT,2014,242894,ABS,2014-06-30,https://www.abs.gov.au/statistics/people/population/national-state-and-territory-population/mar-2026/310104.xlsx,june_estimated_resident_population
AU-NT,2015,244692,ABS,2015-06-30,https://www.abs.gov.au/statistics/people/population/national-state-and-territory-population/mar-2026/310104.xlsx,june_estimated_resident_population
AU-NT,2016,245678,ABS,2016-06-30,https://www.abs.gov.au/statistics/people/population/national-state-and-territory-population/mar-2026/310104.xlsx,june_estimated_resident_population
AU-NT,2017,247412,ABS,2017-06-30,https://www.abs.gov.au/statistics/people/population/national-state-and-territory-population/mar-2026/310104.xlsx,june_estimated_resident_population
AU-NT,2018,247095,ABS,2018-06-30,https://www.abs.gov.au/statistics/people/population/national-state-and-territory-population/mar-2026/310104.xlsx,june_estimated_resident_population
AU-NT,2019,246559,ABS,2019-06-30,https://www.abs.gov.au/statistics/people/population/national-state-and-territory-population/mar-2026/310104.xlsx,june_estimated_resident_population
AU-NT,2020,247428,ABS,2020-06-30,https://www.abs.gov.au/statistics/people/population/national-state-and-territory-population/mar-2026/310104.xlsx,june_estimated_resident_population
AU-NT,2021,248151,ABS,2021-06-30,https://www.abs.gov.au/statistics/people/population/national-state-and-territory-population/mar-2026/310104.xlsx,june_estimated_resident_population
AU-NT,2022,253100,ABS,2022-06-30,https://www.abs.gov.au/statistics/people/population/national-state-and-territory-population/mar-2026/310104.xlsx,june_estimated_resident_population
AU-NT,2023,257508,ABS,2023-06-30,https://www.abs.gov.au/statistics/people/population/national-state-and-territory-population/mar-2026/310104.xlsx,june_estimated_resident_population
AU-NT,2024,260884,ABS,2024-06-30,https://www.abs.gov.au/statistics/people/population/national-state-and-territory-population/mar-2026/310104.xlsx,june_estimated_resident_population
AU-NT,2025,265978,ABS,2025-06-30,https://www.abs.gov.au/statistics/people/population/national-state-and-territory-population/mar-2026/310104.xlsx,june_estimated_resident_population
AU-NT,2026,268899,ABS,2026-03-31,https://www.abs.gov.au/statistics/people/population/national-state-and-territory-population/mar-2026/310104.xlsx,latest_observed_quarter_same_year
AU-QLD,1981,2345208,ABS,1981-06-30,https://www.abs.gov.au/statistics/people/population/national-state-and-territory-population/mar-2026/310104.xlsx,june_estimated_resident_population
AU-QLD,1982,2424586,ABS,1982-06-30,https://www.abs.gov.au/statistics/people/population/national-state-and-territory-population/mar-2026/310104.xlsx,june_estimated_resident_population
AU-QLD,1983,2482282,ABS,1983-06-30,https://www.abs.gov.au/statistics/people/population/national-state-and-territory-population/mar-2026/310104.xlsx,june_estimated_resident_population
AU-QLD,1984,2523859,ABS,1984-06-30,https://www.abs.gov.au/statistics/people/population/national-state-and-territory-population/mar-2026/310104.xlsx,june_estimated_resident_population
AU-QLD,1985,2571218,ABS,1985-06-30,https://www.abs.gov.au/statistics/people/population/national-state-and-territory-population/mar-2026/310104.xlsx,june_estimated_resident_population
AU-QLD,1986,2624595,ABS,1986-06-30,https://www.abs.gov.au/statistics/people/population/national-state-and-territory-population/mar-2026/310104.xlsx,june_estimated_resident_population
AU-QLD,1987,2675107,ABS,1987-06-30,https://www.abs.gov.au/statistics/people/population/national-state-and-territory-population/mar-2026/310104.xlsx,june_estimated_resident_population
AU-QLD,1988,2739907,ABS,1988-06-30,https://www.abs.gov.au/statistics/people/population/national-state-and-territory-population/mar-2026/310104.xlsx,june_estimated_resident_population
AU-QLD,1989,2827637,ABS,1989-06-30,https://www.abs.gov.au/statistics/people/population/national-state-and-territory-population/mar-2026/310104.xlsx,june_estimated_resident_population
AU-QLD,1990,2899283,ABS,1990-06-30,https://www.abs.gov.au/statistics/people/population/national-state-and-territory-population/mar-2026/310104.xlsx,june_estimated_resident_population
AU-QLD,1991,2960951,ABS,1991-06-30,https://www.abs.gov.au/statistics/people/population/national-state-and-territory-population/mar-2026/310104.xlsx,june_estimated_resident_population
AU-QLD,1992,3023198,ABS,1992-06-30,https://www.abs.gov.au/statistics/people/population/national-state-and-territory-population/mar-2026/310104.xlsx,june_estimated_resident_population
AU-QLD,1993,3096185,ABS,1993-06-30,https://www.abs.gov.au/statistics/people/population/national-state-and-territory-population/mar-2026/310104.xlsx,june_estimated_resident_population
AU-QLD,1994,3166566,ABS,1994-06-30,https://www.abs.gov.au/statistics/people/population/national-state-and-territory-population/mar-2026/310104.xlsx,june_estimated_resident_population
AU-QLD,1995,3237380,ABS,1995-06-30,https://www.abs.gov.au/statistics/people/population/national-state-and-territory-population/mar-2026/310104.xlsx,june_estimated_resident_population
AU-QLD,1996,3303192,ABS,1996-06-30,https://www.abs.gov.au/statistics/people/population/national-state-and-territory-population/mar-2026/310104.xlsx,june_estimated_resident_population
AU-QLD,1997,3355417,ABS,1997-06-30,https://www.abs.gov.au/statistics/people/population/national-state-and-territory-population/mar-2026/310104.xlsx,june_estimated_resident_population
AU-QLD,1998,3404484,ABS,1998-06-30,https://www.abs.gov.au/statistics/people/population/national-state-and-territory-population/mar-2026/310104.xlsx,june_estimated_resident_population
AU-QLD,1999,3453936,ABS,1999-06-30,https://www.abs.gov.au/statistics/people/population/national-state-and-territory-population/mar-2026/310104.xlsx,june_estimated_resident_population
AU-QLD,2000,3509458,ABS,2000-06-30,https://www.abs.gov.au/statistics/people/population/national-state-and-territory-population/mar-2026/310104.xlsx,june_estimated_resident_population
AU-QLD,2001,3571469,ABS,2001-06-30,https://www.abs.gov.au/statistics/people/population/national-state-and-territory-population/mar-2026/310104.xlsx,june_estimated_resident_population
AU-QLD,2002,3653123,ABS,2002-06-30,https://www.abs.gov.au/statistics/people/population/national-state-and-territory-population/mar-2026/310104.xlsx,june_estimated_resident_population
AU-QLD,2003,3743121,ABS,2003-06-30,https://www.abs.gov.au/statistics/people/population/national-state-and-territory-population/mar-2026/310104.xlsx,june_estimated_resident_population
AU-QLD,2004,3829970,ABS,2004-06-30,https://www.abs.gov.au/statistics/people/population/national-state-and-territory-population/mar-2026/310104.xlsx,june_estimated_resident_population
AU-QLD,2005,3918494,ABS,2005-06-30,https://www.abs.gov.au/statistics/people/population/national-state-and-territory-population/mar-2026/310104.xlsx,june_estimated_resident_population
AU-QLD,2006,4007992,ABS,2006-06-30,https://www.abs.gov.au/statistics/people/population/national-state-and-territory-population/mar-2026/310104.xlsx,june_estimated_resident_population
AU-QLD,2007,4111018,ABS,2007-06-30,https://www.abs.gov.au/statistics/people/population/national-state-and-territory-population/mar-2026/310104.xlsx,june_estimated_resident_population
AU-QLD,2008,4219505,ABS,2008-06-30,https://www.abs.gov.au/statistics/people/population/national-state-and-territory-population/mar-2026/310104.xlsx,june_estimated_resident_population
AU-QLD,2009,4328771,ABS,2009-06-30,https://www.abs.gov.au/statistics/people/population/national-state-and-territory-population/mar-2026/310104.xlsx,june_estimated_resident_population
AU-QLD,2010,4404744,ABS,2010-06-30,https://www.abs.gov.au/statistics/people/population/national-state-and-territory-population/mar-2026/310104.xlsx,june_estimated_resident_population
AU-QLD,2011,4476778,ABS,2011-06-30,https://www.abs.gov.au/statistics/people/population/national-state-and-territory-population/mar-2026/310104.xlsx,june_estimated_resident_population
AU-QLD,2012,4568687,ABS,2012-06-30,https://www.abs.gov.au/statistics/people/population/national-state-and-territory-population/mar-2026/310104.xlsx,june_estimated_resident_population
AU-QLD,2013,4652824,ABS,2013-06-30,https://www.abs.gov.au/statistics/people/population/national-state-and-territory-population/mar-2026/310104.xlsx,june_estimated_resident_population
AU-QLD,2014,4719653,ABS,2014-06-30,https://www.abs.gov.au/statistics/people/population/national-state-and-territory-population/mar-2026/310104.xlsx,june_estimated_resident_population
AU-QLD,2015,4777692,ABS,2015-06-30,https://www.abs.gov.au/statistics/people/population/national-state-and-territory-population/mar-2026/310104.xlsx,june_estimated_resident_population
AU-QLD,2016,4845152,ABS,2016-06-30,https://www.abs.gov.au/statistics/people/population/national-state-and-territory-population/mar-2026/310104.xlsx,june_estimated_resident_population
AU-QLD,2017,4926380,ABS,2017-06-30,https://www.abs.gov.au/statistics/people/population/national-state-and-territory-population/mar-2026/310104.xlsx,june_estimated_resident_population
AU-QLD,2018,5006623,ABS,2018-06-30,https://www.abs.gov.au/statistics/people/population/national-state-and-territory-population/mar-2026/310104.xlsx,june_estimated_resident_population
AU-QLD,2019,5088847,ABS,2019-06-30,https://www.abs.gov.au/statistics/people/population/national-state-and-territory-population/mar-2026/310104.xlsx,june_estimated_resident_population
AU-QLD,2020,5165613,ABS,2020-06-30,https://www.abs.gov.au/statistics/people/population/national-state-and-territory-population/mar-2026/310104.xlsx,june_estimated_resident_population
AU-QLD,2021,5215814,ABS,2021-06-30,https://www.abs.gov.au/statistics/people/population/national-state-and-territory-population/mar-2026/310104.xlsx,june_estimated_resident_population
AU-QLD,2022,5310905,ABS,2022-06-30,https://www.abs.gov.au/statistics/people/population/national-state-and-territory-population/mar-2026/310104.xlsx,june_estimated_resident_population
AU-QLD,2023,5450235,ABS,2023-06-30,https://www.abs.gov.au/statistics/people/population/national-state-and-territory-population/mar-2026/310104.xlsx,june_estimated_resident_population
AU-QLD,2024,5571890,ABS,2024-06-30,https://www.abs.gov.au/statistics/people/population/national-state-and-territory-population/mar-2026/310104.xlsx,june_estimated_resident_population
AU-QLD,2025,5670203,ABS,2025-06-30,https://www.abs.gov.au/statistics/people/population/national-state-and-territory-population/mar-2026/310104.xlsx,june_estimated_resident_population
AU-QLD,2026,5739461,ABS,2026-03-31,https://www.abs.gov.au/statistics/people/population/national-state-and-territory-population/mar-2026/310104.xlsx,latest_observed_quarter_same_year
AU-SA,1981,1318769,ABS,1981-06-30,https://www.abs.gov.au/statistics/people/population/national-state-and-territory-population/mar-2026/310104.xlsx,june_estimated_resident_population
AU-SA,1982,1331108,ABS,1982-06-30,https://www.abs.gov.au/statistics/people/population/national-state-and-territory-population/mar-2026/310104.xlsx,june_estimated_resident_population
AU-SA,1983,1345775,ABS,1983-06-30,https://www.abs.gov.au/statistics/people/population/national-state-and-territory-population/mar-2026/310104.xlsx,june_estimated_resident_population
AU-SA,1984,1360048,ABS,1984-06-30,https://www.abs.gov.au/statistics/people/population/national-state-and-territory-population/mar-2026/310104.xlsx,june_estimated_resident_population
AU-SA,1985,1371197,ABS,1985-06-30,https://www.abs.gov.au/statistics/people/population/national-state-and-territory-population/mar-2026/310104.xlsx,june_estimated_resident_population
AU-SA,1986,1382550,ABS,1986-06-30,https://www.abs.gov.au/statistics/people/population/national-state-and-territory-population/mar-2026/310104.xlsx,june_estimated_resident_population
AU-SA,1987,1392764,ABS,1987-06-30,https://www.abs.gov.au/statistics/people/population/national-state-and-territory-population/mar-2026/310104.xlsx,june_estimated_resident_population
AU-SA,1988,1404909,ABS,1988-06-30,https://www.abs.gov.au/statistics/people/population/national-state-and-territory-population/mar-2026/310104.xlsx,june_estimated_resident_population
AU-SA,1989,1419029,ABS,1989-06-30,https://www.abs.gov.au/statistics/people/population/national-state-and-territory-population/mar-2026/310104.xlsx,june_estimated_resident_population
AU-SA,1990,1432056,ABS,1990-06-30,https://www.abs.gov.au/statistics/people/population/national-state-and-territory-population/mar-2026/310104.xlsx,june_estimated_resident_population
AU-SA,1991,1446299,ABS,1991-06-30,https://www.abs.gov.au/statistics/people/population/national-state-and-territory-population/mar-2026/310104.xlsx,june_estimated_resident_population
AU-SA,1992,1455442,ABS,1992-06-30,https://www.abs.gov.au/statistics/people/population/national-state-and-territory-population/mar-2026/310104.xlsx,june_estimated_resident_population
AU-SA,1993,1458632,ABS,1993-06-30,https://www.abs.gov.au/statistics/people/population/national-state-and-territory-population/mar-2026/310104.xlsx,june_estimated_resident_population
AU-SA,1994,1463089,ABS,1994-06-30,https://www.abs.gov.au/statistics/people/population/national-state-and-territory-population/mar-2026/310104.xlsx,june_estimated_resident_population
AU-SA,1995,1465340,ABS,1995-06-30,https://www.abs.gov.au/statistics/people/population/national-state-and-territory-population/mar-2026/310104.xlsx,june_estimated_resident_population
AU-SA,1996,1469079,ABS,1996-06-30,https://www.abs.gov.au/statistics/people/population/national-state-and-territory-population/mar-2026/310104.xlsx,june_estimated_resident_population
AU-SA,1997,1475658,ABS,1997-06-30,https://www.abs.gov.au/statistics/people/population/national-state-and-territory-population/mar-2026/310104.xlsx,june_estimated_resident_population
AU-SA,1998,1483270,ABS,1998-06-30,https://www.abs.gov.au/statistics/people/population/national-state-and-territory-population/mar-2026/310104.xlsx,june_estimated_resident_population
AU-SA,1999,1490934,ABS,1999-06-30,https://www.abs.gov.au/statistics/people/population/national-state-and-territory-population/mar-2026/310104.xlsx,june_estimated_resident_population
AU-SA,2000,1497503,ABS,2000-06-30,https://www.abs.gov.au/statistics/people/population/national-state-and-territory-population/mar-2026/310104.xlsx,june_estimated_resident_population
AU-SA,2001,1503461,ABS,2001-06-30,https://www.abs.gov.au/statistics/people/population/national-state-and-territory-population/mar-2026/310104.xlsx,june_estimated_resident_population
AU-SA,2002,1511567,ABS,2002-06-30,https://www.abs.gov.au/statistics/people/population/national-state-and-territory-population/mar-2026/310104.xlsx,june_estimated_resident_population
AU-SA,2003,1520399,ABS,2003-06-30,https://www.abs.gov.au/statistics/people/population/national-state-and-territory-population/mar-2026/310104.xlsx,june_estimated_resident_population
AU-SA,2004,1528189,ABS,2004-06-30,https://www.abs.gov.au/statistics/people/population/national-state-and-territory-population/mar-2026/310104.xlsx,june_estimated_resident_population
AU-SA,2005,1538804,ABS,2005-06-30,https://www.abs.gov.au/statistics/people/population/national-state-and-territory-population/mar-2026/310104.xlsx,june_estimated_resident_population
AU-SA,2006,1552529,ABS,2006-06-30,https://www.abs.gov.au/statistics/people/population/national-state-and-territory-population/mar-2026/310104.xlsx,june_estimated_resident_population
AU-SA,2007,1570619,ABS,2007-06-30,https://www.abs.gov.au/statistics/people/population/national-state-and-territory-population/mar-2026/310104.xlsx,june_estimated_resident_population
AU-SA,2008,1588665,ABS,2008-06-30,https://www.abs.gov.au/statistics/people/population/national-state-and-territory-population/mar-2026/310104.xlsx,june_estimated_resident_population
AU-SA,2009,1608902,ABS,2009-06-30,https://www.abs.gov.au/statistics/people/population/national-state-and-territory-population/mar-2026/310104.xlsx,june_estimated_resident_population
AU-SA,2010,1627322,ABS,2010-06-30,https://www.abs.gov.au/statistics/people/population/national-state-and-territory-population/mar-2026/310104.xlsx,june_estimated_resident_population
AU-SA,2011,1639614,ABS,2011-06-30,https://www.abs.gov.au/statistics/people/population/national-state-and-territory-population/mar-2026/310104.xlsx,june_estimated_resident_population
AU-SA,2012,1656725,ABS,2012-06-30,https://www.abs.gov.au/statistics/people/population/national-state-and-territory-population/mar-2026/310104.xlsx,june_estimated_resident_population
AU-SA,2013,1671488,ABS,2013-06-30,https://www.abs.gov.au/statistics/people/population/national-state-and-territory-population/mar-2026/310104.xlsx,june_estimated_resident_population
AU-SA,2014,1686945,ABS,2014-06-30,https://www.abs.gov.au/statistics/people/population/national-state-and-territory-population/mar-2026/310104.xlsx,june_estimated_resident_population
AU-SA,2015,1700668,ABS,2015-06-30,https://www.abs.gov.au/statistics/people/population/national-state-and-territory-population/mar-2026/310104.xlsx,june_estimated_resident_population
AU-SA,2016,1712843,ABS,2016-06-30,https://www.abs.gov.au/statistics/people/population/national-state-and-territory-population/mar-2026/310104.xlsx,june_estimated_resident_population
AU-SA,2017,1728673,ABS,2017-06-30,https://www.abs.gov.au/statistics/people/population/national-state-and-territory-population/mar-2026/310104.xlsx,june_estimated_resident_population
AU-SA,2018,1746137,ABS,2018-06-30,https://www.abs.gov.au/statistics/people/population/national-state-and-territory-population/mar-2026/310104.xlsx,june_estimated_resident_population
AU-SA,2019,1767395,ABS,2019-06-30,https://www.abs.gov.au/statistics/people/population/national-state-and-territory-population/mar-2026/310104.xlsx,june_estimated_resident_population
AU-SA,2020,1790355,ABS,2020-06-30,https://www.abs.gov.au/statistics/people/population/national-state-and-territory-population/mar-2026/310104.xlsx,june_estimated_resident_population
AU-SA,2021,1802601,ABS,2021-06-30,https://www.abs.gov.au/statistics/people/population/national-state-and-territory-population/mar-2026/310104.xlsx,june_estimated_resident_population
AU-SA,2022,1824969,ABS,2022-06-30,https://www.abs.gov.au/statistics/people/population/national-state-and-territory-population/mar-2026/310104.xlsx,june_estimated_resident_population
AU-SA,2023,1857646,ABS,2023-06-30,https://www.abs.gov.au/statistics/people/population/national-state-and-territory-population/mar-2026/310104.xlsx,june_estimated_resident_population
AU-SA,2024,1882164,ABS,2024-06-30,https://www.abs.gov.au/statistics/people/population/national-state-and-territory-population/mar-2026/310104.xlsx,june_estimated_resident_population
AU-SA,2025,1901652,ABS,2025-06-30,https://www.abs.gov.au/statistics/people/population/national-state-and-territory-population/mar-2026/310104.xlsx,june_estimated_resident_population
AU-SA,2026,1916836,ABS,2026-03-31,https://www.abs.gov.au/statistics/people/population/national-state-and-territory-population/mar-2026/310104.xlsx,latest_observed_quarter_same_year
AU-TAS,1981,427224,ABS,1981-06-30,https://www.abs.gov.au/statistics/people/population/national-state-and-territory-population/mar-2026/310104.xlsx,june_estimated_resident_population
AU-TAS,1982,429845,ABS,1982-06-30,https://www.abs.gov.au/statistics/people/population/national-state-and-territory-population/mar-2026/310104.xlsx,june_estimated_resident_population
AU-TAS,1983,432805,ABS,1983-06-30,https://www.abs.gov.au/statistics/people/population/national-state-and-territory-population/mar-2026/310104.xlsx,june_estimated_resident_population
AU-TAS,1984,437760,ABS,1984-06-30,https://www.abs.gov.au/statistics/people/population/national-state-and-territory-population/mar-2026/310104.xlsx,june_estimated_resident_population
AU-TAS,1985,442828,ABS,1985-06-30,https://www.abs.gov.au/statistics/people/population/national-state-and-territory-population/mar-2026/310104.xlsx,june_estimated_resident_population
AU-TAS,1986,446473,ABS,1986-06-30,https://www.abs.gov.au/statistics/people/population/national-state-and-territory-population/mar-2026/310104.xlsx,june_estimated_resident_population
AU-TAS,1987,449226,ABS,1987-06-30,https://www.abs.gov.au/statistics/people/population/national-state-and-territory-population/mar-2026/310104.xlsx,june_estimated_resident_population
AU-TAS,1988,451148,ABS,1988-06-30,https://www.abs.gov.au/statistics/people/population/national-state-and-territory-population/mar-2026/310104.xlsx,june_estimated_resident_population
AU-TAS,1989,455258,ABS,1989-06-30,https://www.abs.gov.au/statistics/people/population/national-state-and-territory-population/mar-2026/310104.xlsx,june_estimated_resident_population
AU-TAS,1990,462188,ABS,1990-06-30,https://www.abs.gov.au/statistics/people/population/national-state-and-territory-population/mar-2026/310104.xlsx,june_estimated_resident_population
AU-TAS,1991,466802,ABS,1991-06-30,https://www.abs.gov.au/statistics/people/population/national-state-and-territory-population/mar-2026/310104.xlsx,june_estimated_resident_population
AU-TAS,1992,469979,ABS,1992-06-30,https://www.abs.gov.au/statistics/people/population/national-state-and-territory-population/mar-2026/310104.xlsx,june_estimated_resident_population
AU-TAS,1993,471987,ABS,1993-06-30,https://www.abs.gov.au/statistics/people/population/national-state-and-territory-population/mar-2026/310104.xlsx,june_estimated_resident_population
AU-TAS,1994,473499,ABS,1994-06-30,https://www.abs.gov.au/statistics/people/population/national-state-and-territory-population/mar-2026/310104.xlsx,june_estimated_resident_population
AU-TAS,1995,474515,ABS,1995-06-30,https://www.abs.gov.au/statistics/people/population/national-state-and-territory-population/mar-2026/310104.xlsx,june_estimated_resident_population
AU-TAS,1996,475605,ABS,1996-06-30,https://www.abs.gov.au/statistics/people/population/national-state-and-territory-population/mar-2026/310104.xlsx,june_estimated_resident_population
AU-TAS,1997,474908,ABS,1997-06-30,https://www.abs.gov.au/statistics/people/population/national-state-and-territory-population/mar-2026/310104.xlsx,june_estimated_resident_population
AU-TAS,1998,473430,ABS,1998-06-30,https://www.abs.gov.au/statistics/people/population/national-state-and-territory-population/mar-2026/310104.xlsx,june_estimated_resident_population
AU-TAS,1999,473030,ABS,1999-06-30,https://www.abs.gov.au/statistics/people/population/national-state-and-territory-population/mar-2026/310104.xlsx,june_estimated_resident_population
AU-TAS,2000,473123,ABS,2000-06-30,https://www.abs.gov.au/statistics/people/population/national-state-and-territory-population/mar-2026/310104.xlsx,june_estimated_resident_population
AU-TAS,2001,473668,ABS,2001-06-30,https://www.abs.gov.au/statistics/people/population/national-state-and-territory-population/mar-2026/310104.xlsx,june_estimated_resident_population
AU-TAS,2002,474152,ABS,2002-06-30,https://www.abs.gov.au/statistics/people/population/national-state-and-territory-population/mar-2026/310104.xlsx,june_estimated_resident_population
AU-TAS,2003,478534,ABS,2003-06-30,https://www.abs.gov.au/statistics/people/population/national-state-and-territory-population/mar-2026/310104.xlsx,june_estimated_resident_population
AU-TAS,2004,483178,ABS,2004-06-30,https://www.abs.gov.au/statistics/people/population/national-state-and-territory-population/mar-2026/310104.xlsx,june_estimated_resident_population
AU-TAS,2005,486202,ABS,2005-06-30,https://www.abs.gov.au/statistics/people/population/national-state-and-territory-population/mar-2026/310104.xlsx,june_estimated_resident_population
AU-TAS,2006,489302,ABS,2006-06-30,https://www.abs.gov.au/statistics/people/population/national-state-and-territory-population/mar-2026/310104.xlsx,june_estimated_resident_population
AU-TAS,2007,493262,ABS,2007-06-30,https://www.abs.gov.au/statistics/people/population/national-state-and-territory-population/mar-2026/310104.xlsx,june_estimated_resident_population
AU-TAS,2008,498568,ABS,2008-06-30,https://www.abs.gov.au/statistics/people/population/national-state-and-territory-population/mar-2026/310104.xlsx,june_estimated_resident_population
AU-TAS,2009,504353,ABS,2009-06-30,https://www.abs.gov.au/statistics/people/population/national-state-and-territory-population/mar-2026/310104.xlsx,june_estimated_resident_population
AU-TAS,2010,508847,ABS,2010-06-30,https://www.abs.gov.au/statistics/people/population/national-state-and-territory-population/mar-2026/310104.xlsx,june_estimated_resident_population
AU-TAS,2011,511483,ABS,2011-06-30,https://www.abs.gov.au/statistics/people/population/national-state-and-territory-population/mar-2026/310104.xlsx,june_estimated_resident_population
AU-TAS,2012,511724,ABS,2012-06-30,https://www.abs.gov.au/statistics/people/population/national-state-and-territory-population/mar-2026/310104.xlsx,june_estimated_resident_population
AU-TAS,2013,512231,ABS,2013-06-30,https://www.abs.gov.au/statistics/people/population/national-state-and-territory-population/mar-2026/310104.xlsx,june_estimated_resident_population
AU-TAS,2014,513621,ABS,2014-06-30,https://www.abs.gov.au/statistics/people/population/national-state-and-territory-population/mar-2026/310104.xlsx,june_estimated_resident_population
AU-TAS,2015,515117,ABS,2015-06-30,https://www.abs.gov.au/statistics/people/population/national-state-and-territory-population/mar-2026/310104.xlsx,june_estimated_resident_population
AU-TAS,2016,517514,ABS,2016-06-30,https://www.abs.gov.au/statistics/people/population/national-state-and-territory-population/mar-2026/310104.xlsx,june_estimated_resident_population
AU-TAS,2017,526762,ABS,2017-06-30,https://www.abs.gov.au/statistics/people/population/national-state-and-territory-population/mar-2026/310104.xlsx,june_estimated_resident_population
AU-TAS,2018,537291,ABS,2018-06-30,https://www.abs.gov.au/statistics/people/population/national-state-and-territory-population/mar-2026/310104.xlsx,june_estimated_resident_population
AU-TAS,2019,547841,ABS,2019-06-30,https://www.abs.gov.au/statistics/people/population/national-state-and-territory-population/mar-2026/310104.xlsx,june_estimated_resident_population
AU-TAS,2020,557578,ABS,2020-06-30,https://www.abs.gov.au/statistics/people/population/national-state-and-territory-population/mar-2026/310104.xlsx,june_estimated_resident_population
AU-TAS,2021,567239,ABS,2021-06-30,https://www.abs.gov.au/statistics/people/population/national-state-and-territory-population/mar-2026/310104.xlsx,june_estimated_resident_population
AU-TAS,2022,572300,ABS,2022-06-30,https://www.abs.gov.au/statistics/people/population/national-state-and-territory-population/mar-2026/310104.xlsx,june_estimated_resident_population
AU-TAS,2023,573731,ABS,2023-06-30,https://www.abs.gov.au/statistics/people/population/national-state-and-territory-population/mar-2026/310104.xlsx,june_estimated_resident_population
AU-TAS,2024,574765,ABS,2024-06-30,https://www.abs.gov.au/statistics/people/population/national-state-and-territory-population/mar-2026/310104.xlsx,june_estimated_resident_population
AU-TAS,2025,577827,ABS,2025-06-30,https://www.abs.gov.au/statistics/people/population/national-state-and-territory-population/mar-2026/310104.xlsx,june_estimated_resident_population
AU-TAS,2026,580691,ABS,2026-03-31,https://www.abs.gov.au/statistics/people/population/national-state-and-territory-population/mar-2026/310104.xlsx,latest_observed_quarter_same_year
AU-VIC,1981,3946917,ABS,1981-06-30,https://www.abs.gov.au/statistics/people/population/national-state-and-territory-population/mar-2026/310104.xlsx,june_estimated_resident_population
AU-VIC,1982,3992870,ABS,1982-06-30,https://www.abs.gov.au/statistics/people/population/national-state-and-territory-population/mar-2026/310104.xlsx,june_estimated_resident_population
AU-VIC,1983,4035702,ABS,1983-06-30,https://www.abs.gov.au/statistics/people/population/national-state-and-territory-population/mar-2026/310104.xlsx,june_estimated_resident_population
AU-VIC,1984,4076492,ABS,1984-06-30,https://www.abs.gov.au/statistics/people/population/national-state-and-territory-population/mar-2026/310104.xlsx,june_estimated_resident_population
AU-VIC,1985,4120068,ABS,1985-06-30,https://www.abs.gov.au/statistics/people/population/national-state-and-territory-population/mar-2026/310104.xlsx,june_estimated_resident_population
AU-VIC,1986,4160856,ABS,1986-06-30,https://www.abs.gov.au/statistics/people/population/national-state-and-territory-population/mar-2026/310104.xlsx,june_estimated_resident_population
AU-VIC,1987,4210111,ABS,1987-06-30,https://www.abs.gov.au/statistics/people/population/national-state-and-territory-population/mar-2026/310104.xlsx,june_estimated_resident_population
AU-VIC,1988,4262569,ABS,1988-06-30,https://www.abs.gov.au/statistics/people/population/national-state-and-territory-population/mar-2026/310104.xlsx,june_estimated_resident_population
AU-VIC,1989,4320164,ABS,1989-06-30,https://www.abs.gov.au/statistics/people/population/national-state-and-territory-population/mar-2026/310104.xlsx,june_estimated_resident_population
AU-VIC,1990,4378592,ABS,1990-06-30,https://www.abs.gov.au/statistics/people/population/national-state-and-territory-population/mar-2026/310104.xlsx,june_estimated_resident_population
AU-VIC,1991,4420373,ABS,1991-06-30,https://www.abs.gov.au/statistics/people/population/national-state-and-territory-population/mar-2026/310104.xlsx,june_estimated_resident_population
AU-VIC,1992,4450217,ABS,1992-06-30,https://www.abs.gov.au/statistics/people/population/national-state-and-territory-population/mar-2026/310104.xlsx,june_estimated_resident_population
AU-VIC,1993,4462766,ABS,1993-06-30,https://www.abs.gov.au/statistics/people/population/national-state-and-territory-population/mar-2026/310104.xlsx,june_estimated_resident_population
AU-VIC,1994,4472989,ABS,1994-06-30,https://www.abs.gov.au/statistics/people/population/national-state-and-territory-population/mar-2026/310104.xlsx,june_estimated_resident_population
AU-VIC,1995,4497660,ABS,1995-06-30,https://www.abs.gov.au/statistics/people/population/national-state-and-territory-population/mar-2026/310104.xlsx,june_estimated_resident_population
AU-VIC,1996,4534984,ABS,1996-06-30,https://www.abs.gov.au/statistics/people/population/national-state-and-territory-population/mar-2026/310104.xlsx,june_estimated_resident_population
AU-VIC,1997,4569297,ABS,1997-06-30,https://www.abs.gov.au/statistics/people/population/national-state-and-territory-population/mar-2026/310104.xlsx,june_estimated_resident_population
AU-VIC,1998,4606970,ABS,1998-06-30,https://www.abs.gov.au/statistics/people/population/national-state-and-territory-population/mar-2026/310104.xlsx,june_estimated_resident_population
AU-VIC,1999,4652462,ABS,1999-06-30,https://www.abs.gov.au/statistics/people/population/national-state-and-territory-population/mar-2026/310104.xlsx,june_estimated_resident_population
AU-VIC,2000,4704065,ABS,2000-06-30,https://www.abs.gov.au/statistics/people/population/national-state-and-territory-population/mar-2026/310104.xlsx,june_estimated_resident_population
AU-VIC,2001,4763615,ABS,2001-06-30,https://www.abs.gov.au/statistics/people/population/national-state-and-territory-population/mar-2026/310104.xlsx,june_estimated_resident_population
AU-VIC,2002,4817774,ABS,2002-06-30,https://www.abs.gov.au/statistics/people/population/national-state-and-territory-population/mar-2026/310104.xlsx,june_estimated_resident_population
AU-VIC,2003,4873809,ABS,2003-06-30,https://www.abs.gov.au/statistics/people/population/national-state-and-territory-population/mar-2026/310104.xlsx,june_estimated_resident_population
AU-VIC,2004,4927149,ABS,2004-06-30,https://www.abs.gov.au/statistics/people/population/national-state-and-territory-population/mar-2026/310104.xlsx,june_estimated_resident_population
AU-VIC,2005,4989246,ABS,2005-06-30,https://www.abs.gov.au/statistics/people/population/national-state-and-territory-population/mar-2026/310104.xlsx,june_estimated_resident_population
AU-VIC,2006,5061266,ABS,2006-06-30,https://www.abs.gov.au/statistics/people/population/national-state-and-territory-population/mar-2026/310104.xlsx,june_estimated_resident_population
AU-VIC,2007,5153522,ABS,2007-06-30,https://www.abs.gov.au/statistics/people/population/national-state-and-territory-population/mar-2026/310104.xlsx,june_estimated_resident_population
AU-VIC,2008,5256375,ABS,2008-06-30,https://www.abs.gov.au/statistics/people/population/national-state-and-territory-population/mar-2026/310104.xlsx,june_estimated_resident_population
AU-VIC,2009,5371934,ABS,2009-06-30,https://www.abs.gov.au/statistics/people/population/national-state-and-territory-population/mar-2026/310104.xlsx,june_estimated_resident_population
AU-VIC,2010,5461101,ABS,2010-06-30,https://www.abs.gov.au/statistics/people/population/national-state-and-territory-population/mar-2026/310104.xlsx,june_estimated_resident_population
AU-VIC,2011,5537817,ABS,2011-06-30,https://www.abs.gov.au/statistics/people/population/national-state-and-territory-population/mar-2026/310104.xlsx,june_estimated_resident_population
AU-VIC,2012,5651091,ABS,2012-06-30,https://www.abs.gov.au/statistics/people/population/national-state-and-territory-population/mar-2026/310104.xlsx,june_estimated_resident_population
AU-VIC,2013,5772669,ABS,2013-06-30,https://www.abs.gov.au/statistics/people/population/national-state-and-territory-population/mar-2026/310104.xlsx,june_estimated_resident_population
AU-VIC,2014,5894917,ABS,2014-06-30,https://www.abs.gov.au/statistics/people/population/national-state-and-territory-population/mar-2026/310104.xlsx,june_estimated_resident_population
AU-VIC,2015,6022322,ABS,2015-06-30,https://www.abs.gov.au/statistics/people/population/national-state-and-territory-population/mar-2026/310104.xlsx,june_estimated_resident_population
AU-VIC,2016,6173172,ABS,2016-06-30,https://www.abs.gov.au/statistics/people/population/national-state-and-territory-population/mar-2026/310104.xlsx,june_estimated_resident_population
AU-VIC,2017,6302608,ABS,2017-06-30,https://www.abs.gov.au/statistics/people/population/national-state-and-territory-population/mar-2026/310104.xlsx,june_estimated_resident_population
AU-VIC,2018,6423038,ABS,2018-06-30,https://www.abs.gov.au/statistics/people/population/national-state-and-territory-population/mar-2026/310104.xlsx,june_estimated_resident_population
AU-VIC,2019,6537305,ABS,2019-06-30,https://www.abs.gov.au/statistics/people/population/national-state-and-territory-population/mar-2026/310104.xlsx,june_estimated_resident_population
AU-VIC,2020,6615046,ABS,2020-06-30,https://www.abs.gov.au/statistics/people/population/national-state-and-territory-population/mar-2026/310104.xlsx,june_estimated_resident_population
AU-VIC,2021,6547822,ABS,2021-06-30,https://www.abs.gov.au/statistics/people/population/national-state-and-territory-population/mar-2026/310104.xlsx,june_estimated_resident_population
AU-VIC,2022,6615232,ABS,2022-06-30,https://www.abs.gov.au/statistics/people/population/national-state-and-territory-population/mar-2026/310104.xlsx,june_estimated_resident_population
AU-VIC,2023,6797169,ABS,2023-06-30,https://www.abs.gov.au/statistics/people/population/national-state-and-territory-population/mar-2026/310104.xlsx,june_estimated_resident_population
AU-VIC,2024,6950961,ABS,2024-06-30,https://www.abs.gov.au/statistics/people/population/national-state-and-territory-population/mar-2026/310104.xlsx,june_estimated_resident_population
AU-VIC,2025,7064041,ABS,2025-06-30,https://www.abs.gov.au/statistics/people/population/national-state-and-territory-population/mar-2026/310104.xlsx,june_estimated_resident_population
AU-VIC,2026,7154221,ABS,2026-03-31,https://www.abs.gov.au/statistics/people/population/national-state-and-territory-population/mar-2026/310104.xlsx,latest_observed_quarter_same_year
AU-WA,1981,1300056,ABS,1981-06-30,https://www.abs.gov.au/statistics/people/population/national-state-and-territory-population/mar-2026/310104.xlsx,june_estimated_resident_population
AU-WA,1982,1338899,ABS,1982-06-30,https://www.abs.gov.au/statistics/people/population/national-state-and-territory-population/mar-2026/310104.xlsx,june_estimated_resident_population
AU-WA,1983,1369050,ABS,1983-06-30,https://www.abs.gov.au/statistics/people/population/national-state-and-territory-population/mar-2026/310104.xlsx,june_estimated_resident_population
AU-WA,1984,1391237,ABS,1984-06-30,https://www.abs.gov.au/statistics/people/population/national-state-and-territory-population/mar-2026/310104.xlsx,june_estimated_resident_population
AU-WA,1985,1418564,ABS,1985-06-30,https://www.abs.gov.au/statistics/people/population/national-state-and-territory-population/mar-2026/310104.xlsx,june_estimated_resident_population
AU-WA,1986,1459019,ABS,1986-06-30,https://www.abs.gov.au/statistics/people/population/national-state-and-territory-population/mar-2026/310104.xlsx,june_estimated_resident_population
AU-WA,1987,1496248,ABS,1987-06-30,https://www.abs.gov.au/statistics/people/population/national-state-and-territory-population/mar-2026/310104.xlsx,june_estimated_resident_population
AU-WA,1988,1535167,ABS,1988-06-30,https://www.abs.gov.au/statistics/people/population/national-state-and-territory-population/mar-2026/310104.xlsx,june_estimated_resident_population
AU-WA,1989,1578434,ABS,1989-06-30,https://www.abs.gov.au/statistics/people/population/national-state-and-territory-population/mar-2026/310104.xlsx,june_estimated_resident_population
AU-WA,1990,1613049,ABS,1990-06-30,https://www.abs.gov.au/statistics/people/population/national-state-and-territory-population/mar-2026/310104.xlsx,june_estimated_resident_population
AU-WA,1991,1636067,ABS,1991-06-30,https://www.abs.gov.au/statistics/people/population/national-state-and-territory-population/mar-2026/310104.xlsx,june_estimated_resident_population
AU-WA,1992,1658544,ABS,1992-06-30,https://www.abs.gov.au/statistics/people/population/national-state-and-territory-population/mar-2026/310104.xlsx,june_estimated_resident_population
AU-WA,1993,1678722,ABS,1993-06-30,https://www.abs.gov.au/statistics/people/population/national-state-and-territory-population/mar-2026/310104.xlsx,june_estimated_resident_population
AU-WA,1994,1704649,ABS,1994-06-30,https://www.abs.gov.au/statistics/people/population/national-state-and-territory-population/mar-2026/310104.xlsx,june_estimated_resident_population
AU-WA,1995,1736066,ABS,1995-06-30,https://www.abs.gov.au/statistics/people/population/national-state-and-territory-population/mar-2026/310104.xlsx,june_estimated_resident_population
AU-WA,1996,1768206,ABS,1996-06-30,https://www.abs.gov.au/statistics/people/population/national-state-and-territory-population/mar-2026/310104.xlsx,june_estimated_resident_population
AU-WA,1997,1798341,ABS,1997-06-30,https://www.abs.gov.au/statistics/people/population/national-state-and-territory-population/mar-2026/310104.xlsx,june_estimated_resident_population
AU-WA,1998,1826440,ABS,1998-06-30,https://www.abs.gov.au/statistics/people/population/national-state-and-territory-population/mar-2026/310104.xlsx,june_estimated_resident_population
AU-WA,1999,1853936,ABS,1999-06-30,https://www.abs.gov.au/statistics/people/population/national-state-and-territory-population/mar-2026/310104.xlsx,june_estimated_resident_population
AU-WA,2000,1879093,ABS,2000-06-30,https://www.abs.gov.au/statistics/people/population/national-state-and-territory-population/mar-2026/310104.xlsx,june_estimated_resident_population
AU-WA,2001,1906274,ABS,2001-06-30,https://www.abs.gov.au/statistics/people/population/national-state-and-territory-population/mar-2026/310104.xlsx,june_estimated_resident_population
AU-WA,2002,1928512,ABS,2002-06-30,https://www.abs.gov.au/statistics/people/population/national-state-and-territory-population/mar-2026/310104.xlsx,june_estimated_resident_population
AU-WA,2003,1952741,ABS,2003-06-30,https://www.abs.gov.au/statistics/people/population/national-state-and-territory-population/mar-2026/310104.xlsx,june_estimated_resident_population
AU-WA,2004,1979542,ABS,2004-06-30,https://www.abs.gov.au/statistics/people/population/national-state-and-territory-population/mar-2026/310104.xlsx,june_estimated_resident_population
AU-WA,2005,2011207,ABS,2005-06-30,https://www.abs.gov.au/statistics/people/population/national-state-and-territory-population/mar-2026/310104.xlsx,june_estimated_resident_population
AU-WA,2006,2050581,ABS,2006-06-30,https://www.abs.gov.au/statistics/people/population/national-state-and-territory-population/mar-2026/310104.xlsx,june_estimated_resident_population
AU-WA,2007,2106139,ABS,2007-06-30,https://www.abs.gov.au/statistics/people/population/national-state-and-territory-population/mar-2026/310104.xlsx,june_estimated_resident_population
AU-WA,2008,2171700,ABS,2008-06-30,https://www.abs.gov.au/statistics/people/population/national-state-and-territory-population/mar-2026/310104.xlsx,june_estimated_resident_population
AU-WA,2009,2240250,ABS,2009-06-30,https://www.abs.gov.au/statistics/people/population/national-state-and-territory-population/mar-2026/310104.xlsx,june_estimated_resident_population
AU-WA,2010,2290845,ABS,2010-06-30,https://www.abs.gov.au/statistics/people/population/national-state-and-territory-population/mar-2026/310104.xlsx,june_estimated_resident_population
AU-WA,2011,2353409,ABS,2011-06-30,https://www.abs.gov.au/statistics/people/population/national-state-and-territory-population/mar-2026/310104.xlsx,june_estimated_resident_population
AU-WA,2012,2425507,ABS,2012-06-30,https://www.abs.gov.au/statistics/people/population/national-state-and-territory-population/mar-2026/310104.xlsx,june_estimated_resident_population
AU-WA,2013,2486944,ABS,2013-06-30,https://www.abs.gov.au/statistics/people/population/national-state-and-territory-population/mar-2026/310104.xlsx,june_estimated_resident_population
AU-WA,2014,2517608,ABS,2014-06-30,https://www.abs.gov.au/statistics/people/population/national-state-and-territory-population/mar-2026/310104.xlsx,june_estimated_resident_population
AU-WA,2015,2540672,ABS,2015-06-30,https://www.abs.gov.au/statistics/people/population/national-state-and-territory-population/mar-2026/310104.xlsx,june_estimated_resident_population
AU-WA,2016,2555978,ABS,2016-06-30,https://www.abs.gov.au/statistics/people/population/national-state-and-territory-population/mar-2026/310104.xlsx,june_estimated_resident_population
AU-WA,2017,2585720,ABS,2017-06-30,https://www.abs.gov.au/statistics/people/population/national-state-and-territory-population/mar-2026/310104.xlsx,june_estimated_resident_population
AU-WA,2018,2617792,ABS,2018-06-30,https://www.abs.gov.au/statistics/people/population/national-state-and-territory-population/mar-2026/310104.xlsx,june_estimated_resident_population
AU-WA,2019,2659625,ABS,2019-06-30,https://www.abs.gov.au/statistics/people/population/national-state-and-territory-population/mar-2026/310104.xlsx,june_estimated_resident_population
AU-WA,2020,2712912,ABS,2020-06-30,https://www.abs.gov.au/statistics/people/population/national-state-and-territory-population/mar-2026/310104.xlsx,june_estimated_resident_population
AU-WA,2021,2749365,ABS,2021-06-30,https://www.abs.gov.au/statistics/people/population/national-state-and-territory-population/mar-2026/310104.xlsx,june_estimated_resident_population
AU-WA,2022,2793934,ABS,2022-06-30,https://www.abs.gov.au/statistics/people/population/national-state-and-territory-population/mar-2026/310104.xlsx,june_estimated_resident_population
AU-WA,2023,2890936,ABS,2023-06-30,https://www.abs.gov.au/statistics/people/population/national-state-and-territory-population/mar-2026/310104.xlsx,june_estimated_resident_population
AU-WA,2024,2978147,ABS,2024-06-30,https://www.abs.gov.au/statistics/people/population/national-state-and-territory-population/mar-2026/310104.xlsx,june_estimated_resident_population
AU-WA,2025,3044966,ABS,2025-06-30,https://www.abs.gov.au/statistics/people/population/national-state-and-territory-population/mar-2026/310104.xlsx,june_estimated_resident_population
AU-WA,2026,3096222,ABS,2026-03-31,https://www.abs.gov.au/statistics/people/population/national-state-and-territory-population/mar-2026/310104.xlsx,latest_observed_quarter_same_year
BR,2000,169799170,IBGE,2000-08-01,https://sidra.ibge.gov.br/tabela/202,census_resident_population
BR,2001,172385826,IBGE,2001-07-01,https://sidra.ibge.gov.br/tabela/6579,july_estimated_resident_population
BR,2002,174632960,IBGE,2002-07-01,https://sidra.ibge.gov.br/tabela/6579,july_estimated_resident_population
BR,2003,176871437,IBGE,2003-07-01,https://sidra.ibge.gov.br/tabela/6579,july_estimated_resident_population
BR,2004,181569056,IBGE,2004-07-01,https://sidra.ibge.gov.br/tabela/6579,july_estimated_resident_population
BR,2005,184184264,IBGE,2005-07-01,https://sidra.ibge.gov.br/tabela/6579,july_estimated_resident_population
BR,2006,186770562,IBGE,2006-07-01,https://sidra.ibge.gov.br/tabela/6579,july_estimated_resident_population
BR,2008,189605006,IBGE,2008-07-01,https://sidra.ibge.gov.br/tabela/6579,july_estimated_resident_population
BR,2009,191480630,IBGE,2009-07-01,https://sidra.ibge.gov.br/tabela/6579,july_estimated_resident_population
BR,2010,190755799,IBGE,2010-08-01,https://sidra.ibge.gov.br/tabela/202,census_resident_population
BR,2011,192379287,IBGE,2011-07-01,https://sidra.ibge.gov.br/tabela/6579,july_estimated_resident_population
BR,2012,193904015,IBGE,2012-07-01,https://sidra.ibge.gov.br/tabela/6579,july_estimated_resident_population
BR,2013,201032714,IBGE,2013-07-01,https://sidra.ibge.gov.br/tabela/6579,july_estimated_resident_population
BR,2014,202768562,IBGE,2014-07-01,https://sidra.ibge.gov.br/tabela/6579,july_estimated_resident_population
BR,2015,204450049,IBGE,2015-07-01,https://sidra.ibge.gov.br/tabela/6579,july_estimated_resident_population
BR,2016,206081432,IBGE,2016-07-01,https://sidra.ibge.gov.br/tabela/6579,july_estimated_resident_population
BR,2017,207660929,IBGE,2017-07-01,https://sidra.ibge.gov.br/tabela/6579,july_estimated_resident_population
BR,2018,208494900,IBGE,2018-07-01,https://sidra.ibge.gov.br/tabela/6579,july_estimated_resident_population
BR,2019,210147125,IBGE,2019-07-01,https://sidra.ibge.gov.br/tabela/6579,july_estimated_resident_population
BR,2020,211755692,IBGE,2020-07-01,https://sidra.ibge.gov.br/tabela/6579,july_estimated_resident_population
BR,2021,213317639,IBGE,2021-07-01,https://sidra.ibge.gov.br/tabela/6579,july_estimated_resident_population
BR,2022,203080756,IBGE,2022-08-01,https://sidra.ibge.gov.br/tabela/4714,census_resident_population
BR,2024,212583750,IBGE,2024-07-01,https://sidra.ibge.gov.br/tabela/6579,july_estimated_resident_population
BR,2025,213421037,IBGE,2025-07-01,https://sidra.ibge.gov.br/tabela/6579,july_estimated_resident_population
BR,2026,214211951,IBGE,2026-07-01,https://sidra.ibge.gov.br/tabela/6579,july_estimated_resident_population
BR-AC,2000,557526,IBGE,2000-08-01,https://sidra.ibge.gov.br/tabela/202,census_resident_population
BR-AC,2001,574355,IBGE,2001-07-01,https://sidra.ibge.gov.br/tabela/6579,july_estimated_resident_population
BR-AC,2002,586942,IBGE,2002-07-01,https://sidra.ibge.gov.br/tabela/6579,july_estimated_resident_population
BR-AC,2003,600595,IBGE,2003-07-01,https://sidra.ibge.gov.br/tabela/6579,july_estimated_resident_population
BR-AC,2004,630328,IBGE,2004-07-01,https://sidra.ibge.gov.br/tabela/6579,july_estimated_resident_population
BR-AC,2005,669736,IBGE,2005-07-01,https://sidra.ibge.gov.br/tabela/6579,july_estimated_resident_population
BR-AC,2006,686652,IBGE,2006-07-01,https://sidra.ibge.gov.br/tabela/6579,july_estimated_resident_population
BR-AC,2008,680075,IBGE,2008-07-01,https://sidra.ibge.gov.br/tabela/6579,july_estimated_resident_population
BR-AC,2009,691132,IBGE,2009-07-01,https://sidra.ibge.gov.br/tabela/6579,july_estimated_resident_population
BR-AC,2010,733559,IBGE,2010-08-01,https://sidra.ibge.gov.br/tabela/202,census_resident_population
BR-AC,2011,746386,IBGE,2011-07-01,https://sidra.ibge.gov.br/tabela/6579,july_estimated_resident_population
BR-AC,2012,758786,IBGE,2012-07-01,https://sidra.ibge.gov.br/tabela/6579,july_estimated_resident_population
BR-AC,2013,776463,IBGE,2013-07-01,https://sidra.ibge.gov.br/tabela/6579,july_estimated_resident_population
BR-AC,2014,790101,IBGE,2014-07-01,https://sidra.ibge.gov.br/tabela/6579,july_estimated_resident_population
BR-AC,2015,803513,IBGE,2015-07-01,https://sidra.ibge.gov.br/tabela/6579,july_estimated_resident_population
BR-AC,2016,816687,IBGE,2016-07-01,https://sidra.ibge.gov.br/tabela/6579,july_estimated_resident_population
BR-AC,2017,829619,IBGE,2017-07-01,https://sidra.ibge.gov.br/tabela/6579,july_estimated_resident_population
BR-AC,2018,869265,IBGE,2018-07-01,https://sidra.ibge.gov.br/tabela/6579,july_estimated_resident_population
BR-AC,2019,881935,IBGE,2019-07-01,https://sidra.ibge.gov.br/tabela/6579,july_estimated_resident_population
BR-AC,2020,894470,IBGE,2020-07-01,https://sidra.ibge.gov.br/tabela/6579,july_estimated_resident_population
BR-AC,2021,906876,IBGE,2021-07-01,https://sidra.ibge.gov.br/tabela/6579,july_estimated_resident_population
BR-AC,2022,830018,IBGE,2022-08-01,https://sidra.ibge.gov.br/tabela/4714,census_resident_population
BR-AC,2024,880631,IBGE,2024-07-01,https://sidra.ibge.gov.br/tabela/6579,july_estimated_resident_population
BR-AC,2025,884372,IBGE,2025-07-01,https://sidra.ibge.gov.br/tabela/6579,july_estimated_resident_population
BR-AC,2026,887794,IBGE,2026-07-01,https://sidra.ibge.gov.br/tabela/6579,july_estimated_resident_population
BR-AL,2000,2822621,IBGE,2000-08-01,https://sidra.ibge.gov.br/tabela/202,census_resident_population
BR-AL,2001,2856629,IBGE,2001-07-01,https://sidra.ibge.gov.br/tabela/6579,july_estimated_resident_population
BR-AL,2002,2887535,IBGE,2002-07-01,https://sidra.ibge.gov.br/tabela/6579,july_estimated_resident_population
BR-AL,2003,2917664,IBGE,2003-07-01,https://sidra.ibge.gov.br/tabela/6579,july_estimated_resident_population
BR-AL,2004,2980910,IBGE,2004-07-01,https://sidra.ibge.gov.br/tabela/6579,july_estimated_resident_population
BR-AL,2005,3015912,IBGE,2005-07-01,https://sidra.ibge.gov.br/tabela/6579,july_estimated_resident_population
BR-AL,2006,3050652,IBGE,2006-07-01,https://sidra.ibge.gov.br/tabela/6579,july_estimated_resident_population
BR-AL,2008,3127560,IBGE,2008-07-01,https://sidra.ibge.gov.br/tabela/6579,july_estimated_resident_population
BR-AL,2009,3156108,IBGE,2009-07-01,https://sidra.ibge.gov.br/tabela/6579,july_estimated_resident_population
BR-AL,2010,3120494,IBGE,2010-08-01,https://sidra.ibge.gov.br/tabela/202,census_resident_population
BR-AL,2011,3143384,IBGE,2011-07-01,https://sidra.ibge.gov.br/tabela/6579,july_estimated_resident_population
BR-AL,2012,3165472,IBGE,2012-07-01,https://sidra.ibge.gov.br/tabela/6579,july_estimated_resident_population
BR-AL,2013,3300935,IBGE,2013-07-01,https://sidra.ibge.gov.br/tabela/6579,july_estimated_resident_population
BR-AL,2014,3321730,IBGE,2014-07-01,https://sidra.ibge.gov.br/tabela/6579,july_estimated_resident_population
BR-AL,2015,3340932,IBGE,2015-07-01,https://sidra.ibge.gov.br/tabela/6579,july_estimated_resident_population
BR-AL,2016,3358963,IBGE,2016-07-01,https://sidra.ibge.gov.br/tabela/6579,july_estimated_resident_population
BR-AL,2017,3375823,IBGE,2017-07-01,https://sidra.ibge.gov.br/tabela/6579,july_estimated_resident_population
BR-AL,2018,3322820,IBGE,2018-07-01,https://sidra.ibge.gov.br/tabela/6579,july_estimated_resident_population
BR-AL,2019,3337357,IBGE,2019-07-01,https://sidra.ibge.gov.br/tabela/6579,july_estimated_resident_population
BR-AL,2020,3351543,IBGE,2020-07-01,https://sidra.ibge.gov.br/tabela/6579,july_estimated_resident_population
BR-AL,2021,3365351,IBGE,2021-07-01,https://sidra.ibge.gov.br/tabela/6579,july_estimated_resident_population
BR-AL,2022,3127683,IBGE,2022-08-01,https://sidra.ibge.gov.br/tabela/4714,census_resident_population
BR-AL,2024,3220104,IBGE,2024-07-01,https://sidra.ibge.gov.br/tabela/6579,july_estimated_resident_population
BR-AL,2025,3220848,IBGE,2025-07-01,https://sidra.ibge.gov.br/tabela/6579,july_estimated_resident_population
BR-AL,2026,3221128,IBGE,2026-07-01,https://sidra.ibge.gov.br/tabela/6579,july_estimated_resident_population
BR-AM,2000,2812557,IBGE,2000-08-01,https://sidra.ibge.gov.br/tabela/202,census_resident_population
BR-AM,2001,2900240,IBGE,2001-07-01,https://sidra.ibge.gov.br/tabela/6579,july_estimated_resident_population
BR-AM,2002,2961801,IBGE,2002-07-01,https://sidra.ibge.gov.br/tabela/6579,july_estimated_resident_population
BR-AM,2003,3031068,IBGE,2003-07-01,https://sidra.ibge.gov.br/tabela/6579,july_estimated_resident_population
BR-AM,2004,3138726,IBGE,2004-07-01,https://sidra.ibge.gov.br/tabela/6579,july_estimated_resident_population
BR-AM,2005,3232330,IBGE,2005-07-01,https://sidra.ibge.gov.br/tabela/6579,july_estimated_resident_population
BR-AM,2006,3311026,IBGE,2006-07-01,https://sidra.ibge.gov.br/tabela/6579,july_estimated_resident_population
BR-AM,2008,3341094,IBGE,2008-07-01,https://sidra.ibge.gov.br/tabela/6579,july_estimated_resident_population
BR-AM,2009,3393369,IBGE,2009-07-01,https://sidra.ibge.gov.br/tabela/6579,july_estimated_resident_population
BR-AM,2010,3483985,IBGE,2010-08-01,https://sidra.ibge.gov.br/tabela/202,census_resident_population
BR-AM,2011,3538387,IBGE,2011-07-01,https://sidra.ibge.gov.br/tabela/6579,july_estimated_resident_population
BR-AM,2012,3590985,IBGE,2012-07-01,https://sidra.ibge.gov.br/tabela/6579,july_estimated_resident_population
BR-AM,2013,3807921,IBGE,2013-07-01,https://sidra.ibge.gov.br/tabela/6579,july_estimated_resident_population
BR-AM,2014,3873743,IBGE,2014-07-01,https://sidra.ibge.gov.br/tabela/6579,july_estimated_resident_population
BR-AM,2015,3938336,IBGE,2015-07-01,https://sidra.ibge.gov.br/tabela/6579,july_estimated_resident_population
BR-AM,2016,4001667,IBGE,2016-07-01,https://sidra.ibge.gov.br/tabela/6579,july_estimated_resident_population
BR-AM,2017,4063614,IBGE,2017-07-01,https://sidra.ibge.gov.br/tabela/6579,july_estimated_resident_population
BR-AM,2018,4080611,IBGE,2018-07-01,https://sidra.ibge.gov.br/tabela/6579,july_estimated_resident_population
BR-AM,2019,4144597,IBGE,2019-07-01,https://sidra.ibge.gov.br/tabela/6579,july_estimated_resident_population
BR-AM,2020,4207714,IBGE,2020-07-01,https://sidra.ibge.gov.br/tabela/6579,july_estimated_resident_population
BR-AM,2021,4269995,IBGE,2021-07-01,https://sidra.ibge.gov.br/tabela/6579,july_estimated_resident_population
BR-AM,2022,3941613,IBGE,2022-08-01,https://sidra.ibge.gov.br/tabela/4714,census_resident_population
BR-AM,2024,4281209,IBGE,2024-07-01,https://sidra.ibge.gov.br/tabela/6579,july_estimated_resident_population
BR-AM,2025,4321616,IBGE,2025-07-01,https://sidra.ibge.gov.br/tabela/6579,july_estimated_resident_population
BR-AM,2026,4360926,IBGE,2026-07-01,https://sidra.ibge.gov.br/tabela/6579,july_estimated_resident_population
BR-AP,2000,477032,IBGE,2000-08-01,https://sidra.ibge.gov.br/tabela/202,census_resident_population
BR-AP,2001,498735,IBGE,2001-07-01,https://sidra.ibge.gov.br/tabela/6579,july_estimated_resident_population
BR-AP,2002,516511,IBGE,2002-07-01,https://sidra.ibge.gov.br/tabela/6579,july_estimated_resident_population
BR-AP,2003,534835,IBGE,2003-07-01,https://sidra.ibge.gov.br/tabela/6579,july_estimated_resident_population
BR-AP,2004,547400,IBGE,2004-07-01,https://sidra.ibge.gov.br/tabela/6579,july_estimated_resident_population
BR-AP,2005,594587,IBGE,2005-07-01,https://sidra.ibge.gov.br/tabela/6579,july_estimated_resident_population
BR-AP,2006,615715,IBGE,2006-07-01,https://sidra.ibge.gov.br/tabela/6579,july_estimated_resident_population
BR-AP,2008,613166,IBGE,2008-07-01,https://sidra.ibge.gov.br/tabela/6579,july_estimated_resident_population
BR-AP,2009,626609,IBGE,2009-07-01,https://sidra.ibge.gov.br/tabela/6579,july_estimated_resident_population
BR-AP,2010,669526,IBGE,2010-08-01,https://sidra.ibge.gov.br/tabela/202,census_resident_population
BR-AP,2011,684309,IBGE,2011-07-01,https://sidra.ibge.gov.br/tabela/6579,july_estimated_resident_population
BR-AP,2012,698602,IBGE,2012-07-01,https://sidra.ibge.gov.br/tabela/6579,july_estimated_resident_population
BR-AP,2013,734996,IBGE,2013-07-01,https://sidra.ibge.gov.br/tabela/6579,july_estimated_resident_population
BR-AP,2014,750912,IBGE,2014-07-01,https://sidra.ibge.gov.br/tabela/6579,july_estimated_resident_population
BR-AP,2015,766679,IBGE,2015-07-01,https://sidra.ibge.gov.br/tabela/6579,july_estimated_resident_population
BR-AP,2016,782295,IBGE,2016-07-01,https://sidra.ibge.gov.br/tabela/6579,july_estimated_resident_population
BR-AP,2017,797722,IBGE,2017-07-01,https://sidra.ibge.gov.br/tabela/6579,july_estimated_resident_population
BR-AP,2018,829494,IBGE,2018-07-01,https://sidra.ibge.gov.br/tabela/6579,july_estimated_resident_population
BR-AP,2019,845731,IBGE,2019-07-01,https://sidra.ibge.gov.br/tabela/6579,july_estimated_resident_population
BR-AP,2020,861773,IBGE,2020-07-01,https://sidra.ibge.gov.br/tabela/6579,july_estimated_resident_population
BR-AP,2021,877613,IBGE,2021-07-01,https://sidra.ibge.gov.br/tabela/6579,july_estimated_resident_population
BR-AP,2022,733759,IBGE,2022-08-01,https://sidra.ibge.gov.br/tabela/4714,census_resident_population
BR-AP,2024,802837,IBGE,2024-07-01,https://sidra.ibge.gov.br/tabela/6579,july_estimated_resident_population
BR-AP,2025,806517,IBGE,2025-07-01,https://sidra.ibge.gov.br/tabela/6579,july_estimated_resident_population
BR-AP,2026,809953,IBGE,2026-07-01,https://sidra.ibge.gov.br/tabela/6579,july_estimated_resident_population
BR-BA,2000,13070250,IBGE,2000-08-01,https://sidra.ibge.gov.br/tabela/202,census_resident_population
BR-BA,2001,13214114,IBGE,2001-07-01,https://sidra.ibge.gov.br/tabela/6579,july_estimated_resident_population
BR-BA,2002,13323212,IBGE,2002-07-01,https://sidra.ibge.gov.br/tabela/6579,july_estimated_resident_population
BR-BA,2003,13435612,IBGE,2003-07-01,https://sidra.ibge.gov.br/tabela/6579,july_estimated_resident_population
BR-BA,2004,13682074,IBGE,2004-07-01,https://sidra.ibge.gov.br/tabela/6579,july_estimated_resident_population
BR-BA,2005,13815334,IBGE,2005-07-01,https://sidra.ibge.gov.br/tabela/6579,july_estimated_resident_population
BR-BA,2006,13950146,IBGE,2006-07-01,https://sidra.ibge.gov.br/tabela/6579,july_estimated_resident_population
BR-BA,2008,14502563,IBGE,2008-07-01,https://sidra.ibge.gov.br/tabela/6579,july_estimated_resident_population
BR-BA,2009,14637364,IBGE,2009-07-01,https://sidra.ibge.gov.br/tabela/6579,july_estimated_resident_population
BR-BA,2010,14016906,IBGE,2010-08-01,https://sidra.ibge.gov.br/tabela/202,census_resident_population
BR-BA,2011,14097534,IBGE,2011-07-01,https://sidra.ibge.gov.br/tabela/6579,july_estimated_resident_population
BR-BA,2012,14175341,IBGE,2012-07-01,https://sidra.ibge.gov.br/tabela/6579,july_estimated_resident_population
BR-BA,2013,15044137,IBGE,2013-07-01,https://sidra.ibge.gov.br/tabela/6579,july_estimated_resident_population
BR-BA,2014,15126371,IBGE,2014-07-01,https://sidra.ibge.gov.br/tabela/6579,july_estimated_resident_population
BR-BA,2015,15203334,IBGE,2015-07-01,https://sidra.ibge.gov.br/tabela/6579,july_estimated_resident_population
BR-BA,2016,15276566,IBGE,2016-07-01,https://sidra.ibge.gov.br/tabela/6579,july_estimated_resident_population
BR-BA,2017,15344447,IBGE,2017-07-01,https://sidra.ibge.gov.br/tabela/6579,july_estimated_resident_population
BR-BA,2018,14812617,IBGE,2018-07-01,https://sidra.ibge.gov.br/tabela/6579,july_estimated_resident_population
BR-BA,2019,14873064,IBGE,2019-07-01,https://sidra.ibge.gov.br/tabela/6579,july_estimated_resident_population
BR-BA,2020,14930634,IBGE,2020-07-01,https://sidra.ibge.gov.br/tabela/6579,july_estimated_resident_population
BR-BA,2021,14985284,IBGE,2021-07-01,https://sidra.ibge.gov.br/tabela/6579,july_estimated_resident_population
BR-BA,2022,14141626,IBGE,2022-08-01,https://sidra.ibge.gov.br/tabela/4714,census_resident_population
BR-BA,2024,14850513,IBGE,2024-07-01,https://sidra.ibge.gov.br/tabela/6579,july_estimated_resident_population
BR-BA,2025,14870907,IBGE,2025-07-01,https://sidra.ibge.gov.br/tabela/6579,july_estimated_resident_population
BR-BA,2026,14889472,IBGE,2026-07-01,https://sidra.ibge.gov.br/tabela/6579,july_estimated_resident_population
BR-CE,2000,7430661,IBGE,2000-08-01,https://sidra.ibge.gov.br/tabela/202,census_resident_population
BR-CE,2001,7547620,IBGE,2001-07-01,https://sidra.ibge.gov.br/tabela/6579,july_estimated_resident_population
BR-CE,2002,7654535,IBGE,2002-07-01,https://sidra.ibge.gov.br/tabela/6579,july_estimated_resident_population
BR-CE,2003,7758441,IBGE,2003-07-01,https://sidra.ibge.gov.br/tabela/6579,july_estimated_resident_population
BR-CE,2004,7976563,IBGE,2004-07-01,https://sidra.ibge.gov.br/tabela/6579,july_estimated_resident_population
BR-CE,2005,8097276,IBGE,2005-07-01,https://sidra.ibge.gov.br/tabela/6579,july_estimated_resident_population
BR-CE,2006,8217085,IBGE,2006-07-01,https://sidra.ibge.gov.br/tabela/6579,july_estimated_resident_population
BR-CE,2008,8450528,IBGE,2008-07-01,https://sidra.ibge.gov.br/tabela/6579,july_estimated_resident_population
BR-CE,2009,8547809,IBGE,2009-07-01,https://sidra.ibge.gov.br/tabela/6579,july_estimated_resident_population
BR-CE,2010,8452381,IBGE,2010-08-01,https://sidra.ibge.gov.br/tabela/202,census_resident_population
BR-CE,2011,8530155,IBGE,2011-07-01,https://sidra.ibge.gov.br/tabela/6579,july_estimated_resident_population
BR-CE,2012,8606005,IBGE,2012-07-01,https://sidra.ibge.gov.br/tabela/6579,july_estimated_resident_population
BR-CE,2013,8778576,IBGE,2013-07-01,https://sidra.ibge.gov.br/tabela/6579,july_estimated_resident_population
BR-CE,2014,8842791,IBGE,2014-07-01,https://sidra.ibge.gov.br/tabela/6579,july_estimated_resident_population
BR-CE,2015,8904459,IBGE,2015-07-01,https://sidra.ibge.gov.br/tabela/6579,july_estimated_resident_population
BR-CE,2016,8963663,IBGE,2016-07-01,https://sidra.ibge.gov.br/tabela/6579,july_estimated_resident_population
BR-CE,2017,9020460,IBGE,2017-07-01,https://sidra.ibge.gov.br/tabela/6579,july_estimated_resident_population
BR-CE,2018,9075649,IBGE,2018-07-01,https://sidra.ibge.gov.br/tabela/6579,july_estimated_resident_population
BR-CE,2019,9132078,IBGE,2019-07-01,https://sidra.ibge.gov.br/tabela/6579,july_estimated_resident_population
BR-CE,2020,9187103,IBGE,2020-07-01,https://sidra.ibge.gov.br/tabela/6579,july_estimated_resident_population
BR-CE,2021,9240580,IBGE,2021-07-01,https://sidra.ibge.gov.br/tabela/6579,july_estimated_resident_population
BR-CE,2022,8794957,IBGE,2022-08-01,https://sidra.ibge.gov.br/tabela/4714,census_resident_population
BR-CE,2024,9233656,IBGE,2024-07-01,https://sidra.ibge.gov.br/tabela/6579,july_estimated_resident_population
BR-CE,2025,9268836,IBGE,2025-07-01,https://sidra.ibge.gov.br/tabela/6579,july_estimated_resident_population
BR-CE,2026,9302211,IBGE,2026-07-01,https://sidra.ibge.gov.br/tabela/6579,july_estimated_resident_population
BR-DF,2000,2051146,IBGE,2000-08-01,https://sidra.ibge.gov.br/tabela/202,census_resident_population
BR-DF,2001,2097447,IBGE,2001-07-01,https://sidra.ibge.gov.br/tabela/6579,july_estimated_resident_population
BR-DF,2002,2145839,IBGE,2002-07-01,https://sidra.ibge.gov.br/tabela/6579,july_estimated_resident_population
BR-DF,2003,2189789,IBGE,2003-07-01,https://sidra.ibge.gov.br/tabela/6579,july_estimated_resident_population
BR-DF,2004,2282049,IBGE,2004-07-01,https://sidra.ibge.gov.br/tabela/6579,july_estimated_resident_population
BR-DF,2005,2333108,IBGE,2005-07-01,https://sidra.ibge.gov.br/tabela/6579,july_estimated_resident_population
BR-DF,2006,2383784,IBGE,2006-07-01,https://sidra.ibge.gov.br/tabela/6579,july_estimated_resident_population
BR-DF,2008,2557159,IBGE,2008-07-01,https://sidra.ibge.gov.br/tabela/6579,july_estimated_resident_population
BR-DF,2009,2606885,IBGE,2009-07-01,https://sidra.ibge.gov.br/tabela/6579,july_estimated_resident_population
BR-DF,2010,2570160,IBGE,2010-08-01,https://sidra.ibge.gov.br/tabela/202,census_resident_population
BR-DF,2011,2609998,IBGE,2011-07-01,https://sidra.ibge.gov.br/tabela/6579,july_estimated_resident_population
BR-DF,2012,2648532,IBGE,2012-07-01,https://sidra.ibge.gov.br/tabela/6579,july_estimated_resident_population
BR-DF,2013,2789761,IBGE,2013-07-01,https://sidra.ibge.gov.br/tabela/6579,july_estimated_resident_population
BR-DF,2014,2852372,IBGE,2014-07-01,https://sidra.ibge.gov.br/tabela/6579,july_estimated_resident_population
BR-DF,2015,2914830,IBGE,2015-07-01,https://sidra.ibge.gov.br/tabela/6579,july_estimated_resident_population
BR-DF,2016,2977216,IBGE,2016-07-01,https://sidra.ibge.gov.br/tabela/6579,july_estimated_resident_population
BR-DF,2017,3039444,IBGE,2017-07-01,https://sidra.ibge.gov.br/tabela/6579,july_estimated_resident_population
BR-DF,2018,2974703,IBGE,2018-07-01,https://sidra.ibge.gov.br/tabela/6579,july_estimated_resident_population
BR-DF,2019,3015268,IBGE,2019-07-01,https://sidra.ibge.gov.br/tabela/6579,july_estimated_resident_population
BR-DF,2020,3055149,IBGE,2020-07-01,https://sidra.ibge.gov.br/tabela/6579,july_estimated_resident_population
BR-DF,2021,3094325,IBGE,2021-07-01,https://sidra.ibge.gov.br/tabela/6579,july_estimated_resident_population
BR-DF,2022,2817381,IBGE,2022-08-01,https://sidra.ibge.gov.br/tabela/4714,census_resident_population
BR-DF,2024,2982818,IBGE,2024-07-01,https://sidra.ibge.gov.br/tabela/6579,july_estimated_resident_population
BR-DF,2025,2996899,IBGE,2025-07-01,https://sidra.ibge.gov.br/tabela/6579,july_estimated_resident_population
BR-DF,2026,3009996,IBGE,2026-07-01,https://sidra.ibge.gov.br/tabela/6579,july_estimated_resident_population
BR-ES,2000,3097232,IBGE,2000-08-01,https://sidra.ibge.gov.br/tabela/202,census_resident_population
BR-ES,2001,3155016,IBGE,2001-07-01,https://sidra.ibge.gov.br/tabela/6579,july_estimated_resident_population
BR-ES,2002,3201722,IBGE,2002-07-01,https://sidra.ibge.gov.br/tabela/6579,july_estimated_resident_population
BR-ES,2003,3250219,IBGE,2003-07-01,https://sidra.ibge.gov.br/tabela/6579,july_estimated_resident_population
BR-ES,2004,3352024,IBGE,2004-07-01,https://sidra.ibge.gov.br/tabela/6579,july_estimated_resident_population
BR-ES,2005,3408365,IBGE,2005-07-01,https://sidra.ibge.gov.br/tabela/6579,july_estimated_resident_population
BR-ES,2006,3464285,IBGE,2006-07-01,https://sidra.ibge.gov.br/tabela/6579,july_estimated_resident_population
BR-ES,2008,3453646,IBGE,2008-07-01,https://sidra.ibge.gov.br/tabela/6579,july_estimated_resident_population
BR-ES,2009,3487199,IBGE,2009-07-01,https://sidra.ibge.gov.br/tabela/6579,july_estimated_resident_population
BR-ES,2010,3514952,IBGE,2010-08-01,https://sidra.ibge.gov.br/tabela/202,census_resident_population
BR-ES,2011,3547055,IBGE,2011-07-01,https://sidra.ibge.gov.br/tabela/6579,july_estimated_resident_population
BR-ES,2012,3578067,IBGE,2012-07-01,https://sidra.ibge.gov.br/tabela/6579,july_estimated_resident_population
BR-ES,2013,3839366,IBGE,2013-07-01,https://sidra.ibge.gov.br/tabela/6579,july_estimated_resident_population
BR-ES,2014,3885049,IBGE,2014-07-01,https://sidra.ibge.gov.br/tabela/6579,july_estimated_resident_population
BR-ES,2015,3929911,IBGE,2015-07-01,https://sidra.ibge.gov.br/tabela/6579,july_estimated_resident_population
BR-ES,2016,3973697,IBGE,2016-07-01,https://sidra.ibge.gov.br/tabela/6579,july_estimated_resident_population
BR-ES,2017,4016356,IBGE,2017-07-01,https://sidra.ibge.gov.br/tabela/6579,july_estimated_resident_population
BR-ES,2018,3972388,IBGE,2018-07-01,https://sidra.ibge.gov.br/tabela/6579,july_estimated_resident_population
BR-ES,2019,4018650,IBGE,2019-07-01,https://sidra.ibge.gov.br/tabela/6579,july_estimated_resident_population
BR-ES,2020,4064052,IBGE,2020-07-01,https://sidra.ibge.gov.br/tabela/6579,july_estimated_resident_population
BR-ES,2021,4108508,IBGE,2021-07-01,https://sidra.ibge.gov.br/tabela/6579,july_estimated_resident_population
BR-ES,2022,3833712,IBGE,2022-08-01,https://sidra.ibge.gov.br/tabela/4714,census_resident_population
BR-ES,2024,4102129,IBGE,2024-07-01,https://sidra.ibge.gov.br/tabela/6579,july_estimated_resident_population
BR-ES,2025,4126854,IBGE,2025-07-01,https://sidra.ibge.gov.br/tabela/6579,july_estimated_resident_population
BR-ES,2026,4150692,IBGE,2026-07-01,https://sidra.ibge.gov.br/tabela/6579,july_estimated_resident_population
BR-GO,2000,5003228,IBGE,2000-08-01,https://sidra.ibge.gov.br/tabela/202,census_resident_population
BR-GO,2001,5116462,IBGE,2001-07-01,https://sidra.ibge.gov.br/tabela/6579,july_estimated_resident_population
BR-GO,2002,5210335,IBGE,2002-07-01,https://sidra.ibge.gov.br/tabela/6579,july_estimated_resident_population
BR-GO,2003,5306459,IBGE,2003-07-01,https://sidra.ibge.gov.br/tabela/6579,july_estimated_resident_population
BR-GO,2004,5508245,IBGE,2004-07-01,https://sidra.ibge.gov.br/tabela/6579,july_estimated_resident_population
BR-GO,2005,5619917,IBGE,2005-07-01,https://sidra.ibge.gov.br/tabela/6579,july_estimated_resident_population
BR-GO,2006,5730753,IBGE,2006-07-01,https://sidra.ibge.gov.br/tabela/6579,july_estimated_resident_population
BR-GO,2008,5844995,IBGE,2008-07-01,https://sidra.ibge.gov.br/tabela/6579,july_estimated_resident_population
BR-GO,2009,5926300,IBGE,2009-07-01,https://sidra.ibge.gov.br/tabela/6579,july_estimated_resident_population
BR-GO,2010,6003788,IBGE,2010-08-01,https://sidra.ibge.gov.br/tabela/202,census_resident_population
BR-GO,2011,6080716,IBGE,2011-07-01,https://sidra.ibge.gov.br/tabela/6579,july_estimated_resident_population
BR-GO,2012,6154996,IBGE,2012-07-01,https://sidra.ibge.gov.br/tabela/6579,july_estimated_resident_population
BR-GO,2013,6434048,IBGE,2013-07-01,https://sidra.ibge.gov.br/tabela/6579,july_estimated_resident_population
BR-GO,2014,6523222,IBGE,2014-07-01,https://sidra.ibge.gov.br/tabela/6579,july_estimated_resident_population
BR-GO,2015,6610681,IBGE,2015-07-01,https://sidra.ibge.gov.br/tabela/6579,july_estimated_resident_population
BR-GO,2016,6695855,IBGE,2016-07-01,https://sidra.ibge.gov.br/tabela/6579,july_estimated_resident_population
BR-GO,2017,6778772,IBGE,2017-07-01,https://sidra.ibge.gov.br/tabela/6579,july_estimated_resident_population
BR-GO,2018,6921161,IBGE,2018-07-01,https://sidra.ibge.gov.br/tabela/6579,july_estimated_resident_population
BR-GO,2019,7018354,IBGE,2019-07-01,https://sidra.ibge.gov.br/tabela/6579,july_estimated_resident_population
BR-GO,2020,7113540,IBGE,2020-07-01,https://sidra.ibge.gov.br/tabela/6579,july_estimated_resident_population
BR-GO,2021,7206589,IBGE,2021-07-01,https://sidra.ibge.gov.br/tabela/6579,july_estimated_resident_population
BR-GO,2022,7056495,IBGE,2022-08-01,https://sidra.ibge.gov.br/tabela/4714,census_resident_population
BR-GO,2024,7350483,IBGE,2024-07-01,https://sidra.ibge.gov.br/tabela/6579,july_estimated_resident_population
BR-GO,2025,7423629,IBGE,2025-07-01,https://sidra.ibge.gov.br/tabela/6579,july_estimated_resident_population
BR-GO,2026,7495033,IBGE,2026-07-01,https://sidra.ibge.gov.br/tabela/6579,july_estimated_resident_population
BR-MA,2000,5651475,IBGE,2000-08-01,https://sidra.ibge.gov.br/tabela/202,census_resident_population
BR-MA,2001,5730467,IBGE,2001-07-01,https://sidra.ibge.gov.br/tabela/6579,july_estimated_resident_population
BR-MA,2002,5803224,IBGE,2002-07-01,https://sidra.ibge.gov.br/tabela/6579,july_estimated_resident_population
BR-MA,2003,5873655,IBGE,2003-07-01,https://sidra.ibge.gov.br/tabela/6579,july_estimated_resident_population
BR-MA,2004,6021504,IBGE,2004-07-01,https://sidra.ibge.gov.br/tabela/6579,july_estimated_resident_population
BR-MA,2005,6103327,IBGE,2005-07-01,https://sidra.ibge.gov.br/tabela/6579,july_estimated_resident_population
BR-MA,2006,6184538,IBGE,2006-07-01,https://sidra.ibge.gov.br/tabela/6579,july_estimated_resident_population
BR-MA,2008,6305537,IBGE,2008-07-01,https://sidra.ibge.gov.br/tabela/6579,july_estimated_resident_population
BR-MA,2009,6367138,IBGE,2009-07-01,https://sidra.ibge.gov.br/tabela/6579,july_estimated_resident_population
BR-MA,2010,6574789,IBGE,2010-08-01,https://sidra.ibge.gov.br/tabela/202,census_resident_population
BR-MA,2011,6645761,IBGE,2011-07-01,https://sidra.ibge.gov.br/tabela/6579,july_estimated_resident_population
BR-MA,2012,6714314,IBGE,2012-07-01,https://sidra.ibge.gov.br/tabela/6579,july_estimated_resident_population
BR-MA,2013,6794301,IBGE,2013-07-01,https://sidra.ibge.gov.br/tabela/6579,july_estimated_resident_population
BR-MA,2014,6850884,IBGE,2014-07-01,https://sidra.ibge.gov.br/tabela/6579,july_estimated_resident_population
BR-MA,2015,6904241,IBGE,2015-07-01,https://sidra.ibge.gov.br/tabela/6579,july_estimated_resident_population
BR-MA,2016,6954036,IBGE,2016-07-01,https://sidra.ibge.gov.br/tabela/6579,july_estimated_resident_population
BR-MA,2017,7000229,IBGE,2017-07-01,https://sidra.ibge.gov.br/tabela/6579,july_estimated_resident_population
BR-MA,2018,7035055,IBGE,2018-07-01,https://sidra.ibge.gov.br/tabela/6579,july_estimated_resident_population
BR-MA,2019,7075181,IBGE,2019-07-01,https://sidra.ibge.gov.br/tabela/6579,july_estimated_resident_population
BR-MA,2020,7114598,IBGE,2020-07-01,https://sidra.ibge.gov.br/tabela/6579,july_estimated_resident_population
BR-MA,2021,7153262,IBGE,2021-07-01,https://sidra.ibge.gov.br/tabela/6579,july_estimated_resident_population
BR-MA,2022,6776699,IBGE,2022-08-01,https://sidra.ibge.gov.br/tabela/4714,census_resident_population
BR-MA,2024,7010960,IBGE,2024-07-01,https://sidra.ibge.gov.br/tabela/6579,july_estimated_resident_population
BR-MA,2025,7018211,IBGE,2025-07-01,https://sidra.ibge.gov.br/tabela/6579,july_estimated_resident_population
BR-MA,2026,7024557,IBGE,2026-07-01,https://sidra.ibge.gov.br/tabela/6579,july_estimated_resident_population
BR-MG,2000,17891494,IBGE,2000-08-01,https://sidra.ibge.gov.br/tabela/202,census_resident_population
BR-MG,2001,18127096,IBGE,2001-07-01,https://sidra.ibge.gov.br/tabela/6579,july_estimated_resident_population
BR-MG,2002,18343517,IBGE,2002-07-01,https://sidra.ibge.gov.br/tabela/6579,july_estimated_resident_population
BR-MG,2003,18553312,IBGE,2003-07-01,https://sidra.ibge.gov.br/tabela/6579,july_estimated_resident_population
BR-MG,2004,18993720,IBGE,2004-07-01,https://sidra.ibge.gov.br/tabela/6579,july_estimated_resident_population
BR-MG,2005,19237450,IBGE,2005-07-01,https://sidra.ibge.gov.br/tabela/6579,july_estimated_resident_population
BR-MG,2006,19479356,IBGE,2006-07-01,https://sidra.ibge.gov.br/tabela/6579,july_estimated_resident_population
BR-MG,2008,19850060,IBGE,2008-07-01,https://sidra.ibge.gov.br/tabela/6579,july_estimated_resident_population
BR-MG,2009,20033665,IBGE,2009-07-01,https://sidra.ibge.gov.br/tabela/6579,july_estimated_resident_population
BR-MG,2010,19597330,IBGE,2010-08-01,https://sidra.ibge.gov.br/tabela/202,census_resident_population
BR-MG,2011,19728701,IBGE,2011-07-01,https://sidra.ibge.gov.br/tabela/6579,july_estimated_resident_population
BR-MG,2012,19855332,IBGE,2012-07-01,https://sidra.ibge.gov.br/tabela/6579,july_estimated_resident_population
BR-MG,2013,20593356,IBGE,2013-07-01,https://sidra.ibge.gov.br/tabela/6579,july_estimated_resident_population
BR-MG,2014,20734097,IBGE,2014-07-01,https://sidra.ibge.gov.br/tabela/6579,july_estimated_resident_population
BR-MG,2015,20869101,IBGE,2015-07-01,https://sidra.ibge.gov.br/tabela/6579,july_estimated_resident_population
BR-MG,2016,20997560,IBGE,2016-07-01,https://sidra.ibge.gov.br/tabela/6579,july_estimated_resident_population
BR-MG,2017,21119536,IBGE,2017-07-01,https://sidra.ibge.gov.br/tabela/6579,july_estimated_resident_population
BR-MG,2018,21040662,IBGE,2018-07-01,https://sidra.ibge.gov.br/tabela/6579,july_estimated_resident_population
BR-MG,2019,21168791,IBGE,2019-07-01,https://sidra.ibge.gov.br/tabela/6579,july_estimated_resident_population
BR-MG,2020,21292666,IBGE,2020-07-01,https://sidra.ibge.gov.br/tabela/6579,july_estimated_resident_population
BR-MG,2021,21411923,IBGE,2021-07-01,https://sidra.ibge.gov.br/tabela/6579,july_estimated_resident_population
BR-MG,2022,20539989,IBGE,2022-08-01,https://sidra.ibge.gov.br/tabela/4714,census_resident_population
BR-MG,2024,21322691,IBGE,2024-07-01,https://sidra.ibge.gov.br/tabela/6579,july_estimated_resident_population
BR-MG,2025,21393441,IBGE,2025-07-01,https://sidra.ibge.gov.br/tabela/6579,july_estimated_resident_population
BR-MG,2026,21460311,IBGE,2026-07-01,https://sidra.ibge.gov.br/tabela/6579,july_estimated_resident_population
BR-MS,2000,2078001,IBGE,2000-08-01,https://sidra.ibge.gov.br/tabela/202,census_resident_population
BR-MS,2001,2111036,IBGE,2001-07-01,https://sidra.ibge.gov.br/tabela/6579,july_estimated_resident_population
BR-MS,2002,2140624,IBGE,2002-07-01,https://sidra.ibge.gov.br/tabela/6579,july_estimated_resident_population
BR-MS,2003,2169688,IBGE,2003-07-01,https://sidra.ibge.gov.br/tabela/6579,july_estimated_resident_population
BR-MS,2004,2227794,IBGE,2004-07-01,https://sidra.ibge.gov.br/tabela/6579,july_estimated_resident_population
BR-MS,2005,2264468,IBGE,2005-07-01,https://sidra.ibge.gov.br/tabela/6579,july_estimated_resident_population
BR-MS,2006,2297981,IBGE,2006-07-01,https://sidra.ibge.gov.br/tabela/6579,july_estimated_resident_population
BR-MS,2008,2336060,IBGE,2008-07-01,https://sidra.ibge.gov.br/tabela/6579,july_estimated_resident_population
BR-MS,2009,2360498,IBGE,2009-07-01,https://sidra.ibge.gov.br/tabela/6579,july_estimated_resident_population
BR-MS,2010,2449024,IBGE,2010-08-01,https://sidra.ibge.gov.br/tabela/202,census_resident_population
BR-MS,2011,2477542,IBGE,2011-07-01,https://sidra.ibge.gov.br/tabela/6579,july_estimated_resident_population
BR-MS,2012,2500365,IBGE,2012-07-01,https://sidra.ibge.gov.br/tabela/6579,july_estimated_resident_population
BR-MS,2013,2587269,IBGE,2013-07-01,https://sidra.ibge.gov.br/tabela/6579,july_estimated_resident_population
BR-MS,2014,2619657,IBGE,2014-07-01,https://sidra.ibge.gov.br/tabela/6579,july_estimated_resident_population
BR-MS,2015,2651235,IBGE,2015-07-01,https://sidra.ibge.gov.br/tabela/6579,july_estimated_resident_population
BR-MS,2016,2682386,IBGE,2016-07-01,https://sidra.ibge.gov.br/tabela/6579,july_estimated_resident_population
BR-MS,2017,2713147,IBGE,2017-07-01,https://sidra.ibge.gov.br/tabela/6579,july_estimated_resident_population
BR-MS,2018,2748023,IBGE,2018-07-01,https://sidra.ibge.gov.br/tabela/6579,july_estimated_resident_population
BR-MS,2019,2778986,IBGE,2019-07-01,https://sidra.ibge.gov.br/tabela/6579,july_estimated_resident_population
BR-MS,2020,2809394,IBGE,2020-07-01,https://sidra.ibge.gov.br/tabela/6579,july_estimated_resident_population
BR-MS,2021,2839188,IBGE,2021-07-01,https://sidra.ibge.gov.br/tabela/6579,july_estimated_resident_population
BR-MS,2022,2757013,IBGE,2022-08-01,https://sidra.ibge.gov.br/tabela/4714,census_resident_population
BR-MS,2024,2901895,IBGE,2024-07-01,https://sidra.ibge.gov.br/tabela/6579,july_estimated_resident_population
BR-MS,2025,2924631,IBGE,2025-07-01,https://sidra.ibge.gov.br/tabela/6579,july_estimated_resident_population
BR-MS,2026,2946317,IBGE,2026-07-01,https://sidra.ibge.gov.br/tabela/6579,july_estimated_resident_population
BR-MT,2000,2504353,IBGE,2000-08-01,https://sidra.ibge.gov.br/tabela/202,census_resident_population
BR-MT,2001,2560584,IBGE,2001-07-01,https://sidra.ibge.gov.br/tabela/6579,july_estimated_resident_population
BR-MT,2002,2604742,IBGE,2002-07-01,https://sidra.ibge.gov.br/tabela/6579,july_estimated_resident_population
BR-MT,2003,2651335,IBGE,2003-07-01,https://sidra.ibge.gov.br/tabela/6579,july_estimated_resident_population
BR-MT,2004,2742646,IBGE,2004-07-01,https://sidra.ibge.gov.br/tabela/6579,july_estimated_resident_population
BR-MT,2005,2803274,IBGE,2005-07-01,https://sidra.ibge.gov.br/tabela/6579,july_estimated_resident_population
BR-MT,2006,2856999,IBGE,2006-07-01,https://sidra.ibge.gov.br/tabela/6579,july_estimated_resident_population
BR-MT,2008,2957735,IBGE,2008-07-01,https://sidra.ibge.gov.br/tabela/6579,july_estimated_resident_population
BR-MT,2009,3001692,IBGE,2009-07-01,https://sidra.ibge.gov.br/tabela/6579,july_estimated_resident_population
BR-MT,2010,3035122,IBGE,2010-08-01,https://sidra.ibge.gov.br/tabela/202,census_resident_population
BR-MT,2011,3075936,IBGE,2011-07-01,https://sidra.ibge.gov.br/tabela/6579,july_estimated_resident_population
BR-MT,2012,3115336,IBGE,2012-07-01,https://sidra.ibge.gov.br/tabela/6579,july_estimated_resident_population
BR-MT,2013,3182113,IBGE,2013-07-01,https://sidra.ibge.gov.br/tabela/6579,july_estimated_resident_population
BR-MT,2014,3224357,IBGE,2014-07-01,https://sidra.ibge.gov.br/tabela/6579,july_estimated_resident_population
BR-MT,2015,3265486,IBGE,2015-07-01,https://sidra.ibge.gov.br/tabela/6579,july_estimated_resident_population
BR-MT,2016,3305531,IBGE,2016-07-01,https://sidra.ibge.gov.br/tabela/6579,july_estimated_resident_population
BR-MT,2017,3344544,IBGE,2017-07-01,https://sidra.ibge.gov.br/tabela/6579,july_estimated_resident_population
BR-MT,2018,3441998,IBGE,2018-07-01,https://sidra.ibge.gov.br/tabela/6579,july_estimated_resident_population
BR-MT,2019,3484466,IBGE,2019-07-01,https://sidra.ibge.gov.br/tabela/6579,july_estimated_resident_population
BR-MT,2020,3526220,IBGE,2020-07-01,https://sidra.ibge.gov.br/tabela/6579,july_estimated_resident_population
BR-MT,2021,3567234,IBGE,2021-07-01,https://sidra.ibge.gov.br/tabela/6579,july_estimated_resident_population
BR-MT,2022,3658649,IBGE,2022-08-01,https://sidra.ibge.gov.br/tabela/4714,census_resident_population
BR-MT,2024,3836399,IBGE,2024-07-01,https://sidra.ibge.gov.br/tabela/6579,july_estimated_resident_population
BR-MT,2025,3893659,IBGE,2025-07-01,https://sidra.ibge.gov.br/tabela/6579,july_estimated_resident_population
BR-MT,2026,3950330,IBGE,2026-07-01,https://sidra.ibge.gov.br/tabela/6579,july_estimated_resident_population
BR-PA,2000,6192307,IBGE,2000-08-01,https://sidra.ibge.gov.br/tabela/202,census_resident_population
BR-PA,2001,6341736,IBGE,2001-07-01,https://sidra.ibge.gov.br/tabela/6579,july_estimated_resident_population
BR-PA,2002,6453683,IBGE,2002-07-01,https://sidra.ibge.gov.br/tabela/6579,july_estimated_resident_population
BR-PA,2003,6574993,IBGE,2003-07-01,https://sidra.ibge.gov.br/tabela/6579,july_estimated_resident_population
BR-PA,2004,6850181,IBGE,2004-07-01,https://sidra.ibge.gov.br/tabela/6579,july_estimated_resident_population
BR-PA,2005,6970586,IBGE,2005-07-01,https://sidra.ibge.gov.br/tabela/6579,july_estimated_resident_population
BR-PA,2006,7110465,IBGE,2006-07-01,https://sidra.ibge.gov.br/tabela/6579,july_estimated_resident_population
BR-PA,2008,7321490,IBGE,2008-07-01,https://sidra.ibge.gov.br/tabela/6579,july_estimated_resident_population
BR-PA,2009,7431020,IBGE,2009-07-01,https://sidra.ibge.gov.br/tabela/6579,july_estimated_resident_population
BR-PA,2010,7581051,IBGE,2010-08-01,https://sidra.ibge.gov.br/tabela/202,census_resident_population
BR-PA,2011,7688593,IBGE,2011-07-01,https://sidra.ibge.gov.br/tabela/6579,july_estimated_resident_population
BR-PA,2012,7777543,IBGE,2012-07-01,https://sidra.ibge.gov.br/tabela/6579,july_estimated_resident_population
BR-PA,2013,7969654,IBGE,2013-07-01,https://sidra.ibge.gov.br/tabela/6579,july_estimated_resident_population
BR-PA,2014,8073924,IBGE,2014-07-01,https://sidra.ibge.gov.br/tabela/6579,july_estimated_resident_population
BR-PA,2015,8175113,IBGE,2015-07-01,https://sidra.ibge.gov.br/tabela/6579,july_estimated_resident_population
BR-PA,2016,8272724,IBGE,2016-07-01,https://sidra.ibge.gov.br/tabela/6579,july_estimated_resident_population
BR-PA,2017,8366628,IBGE,2017-07-01,https://sidra.ibge.gov.br/tabela/6579,july_estimated_resident_population
BR-PA,2018,8513497,IBGE,2018-07-01,https://sidra.ibge.gov.br/tabela/6579,july_estimated_resident_population
BR-PA,2019,8602865,IBGE,2019-07-01,https://sidra.ibge.gov.br/tabela/6579,july_estimated_resident_population
BR-PA,2020,8690745,IBGE,2020-07-01,https://sidra.ibge.gov.br/tabela/6579,july_estimated_resident_population
BR-PA,2021,8777124,IBGE,2021-07-01,https://sidra.ibge.gov.br/tabela/6579,july_estimated_resident_population
BR-PA,2022,8120131,IBGE,2022-08-01,https://sidra.ibge.gov.br/tabela/4714,census_resident_population
BR-PA,2024,8664306,IBGE,2024-07-01,https://sidra.ibge.gov.br/tabela/6579,july_estimated_resident_population
BR-PA,2025,8711196,IBGE,2025-07-01,https://sidra.ibge.gov.br/tabela/6579,july_estimated_resident_population
BR-PA,2026,8756324,IBGE,2026-07-01,https://sidra.ibge.gov.br/tabela/6579,july_estimated_resident_population
BR-PB,2000,3443825,IBGE,2000-08-01,https://sidra.ibge.gov.br/tabela/202,census_resident_population
BR-PB,2001,3468594,IBGE,2001-07-01,https://sidra.ibge.gov.br/tabela/6579,july_estimated_resident_population
BR-PB,2002,3494893,IBGE,2002-07-01,https://sidra.ibge.gov.br/tabela/6579,july_estimated_resident_population
BR-PB,2003,3518595,IBGE,2003-07-01,https://sidra.ibge.gov.br/tabela/6579,july_estimated_resident_population
BR-PB,2004,3568350,IBGE,2004-07-01,https://sidra.ibge.gov.br/tabela/6579,july_estimated_resident_population
BR-PB,2005,3595886,IBGE,2005-07-01,https://sidra.ibge.gov.br/tabela/6579,july_estimated_resident_population
BR-PB,2006,3623215,IBGE,2006-07-01,https://sidra.ibge.gov.br/tabela/6579,july_estimated_resident_population
BR-PB,2008,3742604,IBGE,2008-07-01,https://sidra.ibge.gov.br/tabela/6579,july_estimated_resident_population
BR-PB,2009,3769977,IBGE,2009-07-01,https://sidra.ibge.gov.br/tabela/6579,july_estimated_resident_population
BR-PB,2010,3766528,IBGE,2010-08-01,https://sidra.ibge.gov.br/tabela/202,census_resident_population
BR-PB,2011,3791315,IBGE,2011-07-01,https://sidra.ibge.gov.br/tabela/6579,july_estimated_resident_population
BR-PB,2012,3815171,IBGE,2012-07-01,https://sidra.ibge.gov.br/tabela/6579,july_estimated_resident_population
BR-PB,2013,3914421,IBGE,2013-07-01,https://sidra.ibge.gov.br/tabela/6579,july_estimated_resident_population
BR-PB,2014,3943885,IBGE,2014-07-01,https://sidra.ibge.gov.br/tabela/6579,july_estimated_resident_population
BR-PB,2015,3972202,IBGE,2015-07-01,https://sidra.ibge.gov.br/tabela/6579,july_estimated_resident_population
BR-PB,2016,3999415,IBGE,2016-07-01,https://sidra.ibge.gov.br/tabela/6579,july_estimated_resident_population
BR-PB,2017,4025558,IBGE,2017-07-01,https://sidra.ibge.gov.br/tabela/6579,july_estimated_resident_population
BR-PB,2018,3996496,IBGE,2018-07-01,https://sidra.ibge.gov.br/tabela/6579,july_estimated_resident_population
BR-PB,2019,4018127,IBGE,2019-07-01,https://sidra.ibge.gov.br/tabela/6579,july_estimated_resident_population
BR-PB,2020,4039277,IBGE,2020-07-01,https://sidra.ibge.gov.br/tabela/6579,july_estimated_resident_population
BR-PB,2021,4059905,IBGE,2021-07-01,https://sidra.ibge.gov.br/tabela/6579,july_estimated_resident_population
BR-PB,2022,3974687,IBGE,2022-08-01,https://sidra.ibge.gov.br/tabela/4714,census_resident_population
BR-PB,2024,4145040,IBGE,2024-07-01,https://sidra.ibge.gov.br/tabela/6579,july_estimated_resident_population
BR-PB,2025,4164468,IBGE,2025-07-01,https://sidra.ibge.gov.br/tabela/6579,july_estimated_resident_population
BR-PB,2026,4182828,IBGE,2026-07-01,https://sidra.ibge.gov.br/tabela/6579,july_estimated_resident_population
BR-PE,2000,7918344,IBGE,2000-08-01,https://sidra.ibge.gov.br/tabela/202,census_resident_population
BR-PE,2001,8008207,IBGE,2001-07-01,https://sidra.ibge.gov.br/tabela/6579,july_estimated_resident_population
BR-PE,2002,8084667,IBGE,2002-07-01,https://sidra.ibge.gov.br/tabela/6579,july_estimated_resident_population
BR-PE,2003,8161862,IBGE,2003-07-01,https://sidra.ibge.gov.br/tabela/6579,july_estimated_resident_population
BR-PE,2004,8323911,IBGE,2004-07-01,https://sidra.ibge.gov.br/tabela/6579,july_estimated_resident_population
BR-PE,2005,8413593,IBGE,2005-07-01,https://sidra.ibge.gov.br/tabela/6579,july_estimated_resident_population
BR-PE,2006,8502603,IBGE,2006-07-01,https://sidra.ibge.gov.br/tabela/6579,july_estimated_resident_population
BR-PE,2008,8734196,IBGE,2008-07-01,https://sidra.ibge.gov.br/tabela/6579,july_estimated_resident_population
BR-PE,2009,8810256,IBGE,2009-07-01,https://sidra.ibge.gov.br/tabela/6579,july_estimated_resident_population
BR-PE,2010,8796448,IBGE,2010-08-01,https://sidra.ibge.gov.br/tabela/202,census_resident_population
BR-PE,2011,8864906,IBGE,2011-07-01,https://sidra.ibge.gov.br/tabela/6579,july_estimated_resident_population
BR-PE,2012,8931028,IBGE,2012-07-01,https://sidra.ibge.gov.br/tabela/6579,july_estimated_resident_population
BR-PE,2013,9208550,IBGE,2013-07-01,https://sidra.ibge.gov.br/tabela/6579,july_estimated_resident_population
BR-PE,2014,9277727,IBGE,2014-07-01,https://sidra.ibge.gov.br/tabela/6579,july_estimated_resident_population
BR-PE,2015,9345173,IBGE,2015-07-01,https://sidra.ibge.gov.br/tabela/6579,july_estimated_resident_population
BR-PE,2016,9410336,IBGE,2016-07-01,https://sidra.ibge.gov.br/tabela/6579,july_estimated_resident_population
BR-PE,2017,9473266,IBGE,2017-07-01,https://sidra.ibge.gov.br/tabela/6579,july_estimated_resident_population
BR-PE,2018,9496294,IBGE,2018-07-01,https://sidra.ibge.gov.br/tabela/6579,july_estimated_resident_population
BR-PE,2019,9557071,IBGE,2019-07-01,https://sidra.ibge.gov.br/tabela/6579,july_estimated_resident_population
BR-PE,2020,9616621,IBGE,2020-07-01,https://sidra.ibge.gov.br/tabela/6579,july_estimated_resident_population
BR-PE,2021,9674793,IBGE,2021-07-01,https://sidra.ibge.gov.br/tabela/6579,july_estimated_resident_population
BR-PE,2022,9058931,IBGE,2022-08-01,https://sidra.ibge.gov.br/tabela/4714,census_resident_population
BR-PE,2024,9539029,IBGE,2024-07-01,https://sidra.ibge.gov.br/tabela/6579,july_estimated_resident_population
BR-PE,2025,9562007,IBGE,2025-07-01,https://sidra.ibge.gov.br/tabela/6579,july_estimated_resident_population
BR-PE,2026,9583176,IBGE,2026-07-01,https://sidra.ibge.gov.br/tabela/6579,july_estimated_resident_population
BR-PI,2000,2843278,IBGE,2000-08-01,https://sidra.ibge.gov.br/tabela/202,census_resident_population
BR-PI,2001,2873010,IBGE,2001-07-01,https://sidra.ibge.gov.br/tabela/6579,july_estimated_resident_population
BR-PI,2002,2898223,IBGE,2002-07-01,https://sidra.ibge.gov.br/tabela/6579,july_estimated_resident_population
BR-PI,2003,2923725,IBGE,2003-07-01,https://sidra.ibge.gov.br/tabela/6579,july_estimated_resident_population
BR-PI,2004,2974698,IBGE,2004-07-01,https://sidra.ibge.gov.br/tabela/6579,july_estimated_resident_population
BR-PI,2005,3006885,IBGE,2005-07-01,https://sidra.ibge.gov.br/tabela/6579,july_estimated_resident_population
BR-PI,2006,3036290,IBGE,2006-07-01,https://sidra.ibge.gov.br/tabela/6579,july_estimated_resident_population
BR-PI,2008,3111881,IBGE,2008-07-01,https://sidra.ibge.gov.br/tabela/6579,july_estimated_resident_population
BR-PI,2009,3145325,IBGE,2009-07-01,https://sidra.ibge.gov.br/tabela/6579,july_estimated_resident_population
BR-PI,2010,3118360,IBGE,2010-08-01,https://sidra.ibge.gov.br/tabela/202,census_resident_population
BR-PI,2011,3140328,IBGE,2011-07-01,https://sidra.ibge.gov.br/tabela/6579,july_estimated_resident_population
BR-PI,2012,3160748,IBGE,2012-07-01,https://sidra.ibge.gov.br/tabela/6579,july_estimated_resident_population
BR-PI,2013,3184166,IBGE,2013-07-01,https://sidra.ibge.gov.br/tabela/6579,july_estimated_resident_population
BR-PI,2014,3194718,IBGE,2014-07-01,https://sidra.ibge.gov.br/tabela/6579,july_estimated_resident_population
BR-PI,2015,3204028,IBGE,2015-07-01,https://sidra.ibge.gov.br/tabela/6579,july_estimated_resident_population
BR-PI,2016,3212180,IBGE,2016-07-01,https://sidra.ibge.gov.br/tabela/6579,july_estimated_resident_population
BR-PI,2017,3219257,IBGE,2017-07-01,https://sidra.ibge.gov.br/tabela/6579,july_estimated_resident_population
BR-PI,2018,3264531,IBGE,2018-07-01,https://sidra.ibge.gov.br/tabela/6579,july_estimated_resident_population
BR-PI,2019,3273227,IBGE,2019-07-01,https://sidra.ibge.gov.br/tabela/6579,july_estimated_resident_population
BR-PI,2020,3281480,IBGE,2020-07-01,https://sidra.ibge.gov.br/tabela/6579,july_estimated_resident_population
BR-PI,2021,3289290,IBGE,2021-07-01,https://sidra.ibge.gov.br/tabela/6579,july_estimated_resident_population
BR-PI,2022,3271199,IBGE,2022-08-01,https://sidra.ibge.gov.br/tabela/4714,census_resident_population
BR-PI,2024,3375646,IBGE,2024-07-01,https://sidra.ibge.gov.br/tabela/6579,july_estimated_resident_population
BR-PI,2025,3384547,IBGE,2025-07-01,https://sidra.ibge.gov.br/tabela/6579,july_estimated_resident_population
BR-PI,2026,3392617,IBGE,2026-07-01,https://sidra.ibge.gov.br/tabela/6579,july_estimated_resident_population
BR-PR,2000,9563458,IBGE,2000-08-01,https://sidra.ibge.gov.br/tabela/202,census_resident_population
BR-PR,2001,9694709,IBGE,2001-07-01,https://sidra.ibge.gov.br/tabela/6579,july_estimated_resident_population
BR-PR,2002,9798006,IBGE,2002-07-01,https://sidra.ibge.gov.br/tabela/6579,july_estimated_resident_population
BR-PR,2003,9906866,IBGE,2003-07-01,https://sidra.ibge.gov.br/tabela/6579,july_estimated_resident_population
BR-PR,2004,10135388,IBGE,2004-07-01,https://sidra.ibge.gov.br/tabela/6579,july_estimated_resident_population
BR-PR,2005,10261856,IBGE,2005-07-01,https://sidra.ibge.gov.br/tabela/6579,july_estimated_resident_population
BR-PR,2006,10387378,IBGE,2006-07-01,https://sidra.ibge.gov.br/tabela/6579,july_estimated_resident_population
BR-PR,2008,10590171,IBGE,2008-07-01,https://sidra.ibge.gov.br/tabela/6579,july_estimated_resident_population
BR-PR,2009,10686247,IBGE,2009-07-01,https://sidra.ibge.gov.br/tabela/6579,july_estimated_resident_population
BR-PR,2010,10444526,IBGE,2010-08-01,https://sidra.ibge.gov.br/tabela/202,census_resident_population
BR-PR,2011,10512349,IBGE,2011-07-01,https://sidra.ibge.gov.br/tabela/6579,july_estimated_resident_population
BR-PR,2012,10577755,IBGE,2012-07-01,https://sidra.ibge.gov.br/tabela/6579,july_estimated_resident_population
BR-PR,2013,10997465,IBGE,2013-07-01,https://sidra.ibge.gov.br/tabela/6579,july_estimated_resident_population
BR-PR,2014,11081692,IBGE,2014-07-01,https://sidra.ibge.gov.br/tabela/6579,july_estimated_resident_population
BR-PR,2015,11163018,IBGE,2015-07-01,https://sidra.ibge.gov.br/tabela/6579,july_estimated_resident_population
BR-PR,2016,11242720,IBGE,2016-07-01,https://sidra.ibge.gov.br/tabela/6579,july_estimated_resident_population
BR-PR,2017,11320892,IBGE,2017-07-01,https://sidra.ibge.gov.br/tabela/6579,july_estimated_resident_population
BR-PR,2018,11348937,IBGE,2018-07-01,https://sidra.ibge.gov.br/tabela/6579,july_estimated_resident_population
BR-PR,2019,11433957,IBGE,2019-07-01,https://sidra.ibge.gov.br/tabela/6579,july_estimated_resident_population
BR-PR,2020,11516840,IBGE,2020-07-01,https://sidra.ibge.gov.br/tabela/6579,july_estimated_resident_population
BR-PR,2021,11597484,IBGE,2021-07-01,https://sidra.ibge.gov.br/tabela/6579,july_estimated_resident_population
BR-PR,2022,11444380,IBGE,2022-08-01,https://sidra.ibge.gov.br/tabela/4714,census_resident_population
BR-PR,2024,11824665,IBGE,2024-07-01,https://sidra.ibge.gov.br/tabela/6579,july_estimated_resident_population
BR-PR,2025,11890517,IBGE,2025-07-01,https://sidra.ibge.gov.br/tabela/6579,july_estimated_resident_population
BR-PR,2026,11952456,IBGE,2026-07-01,https://sidra.ibge.gov.br/tabela/6579,july_estimated_resident_population
BR-RJ,2000,14391282,IBGE,2000-08-01,https://sidra.ibge.gov.br/tabela/202,census_resident_population
BR-RJ,2001,14558545,IBGE,2001-07-01,https://sidra.ibge.gov.br/tabela/6579,july_estimated_resident_population
BR-RJ,2002,14724475,IBGE,2002-07-01,https://sidra.ibge.gov.br/tabela/6579,july_estimated_resident_population
BR-RJ,2003,14879118,IBGE,2003-07-01,https://sidra.ibge.gov.br/tabela/6579,july_estimated_resident_population
BR-RJ,2004,15203750,IBGE,2004-07-01,https://sidra.ibge.gov.br/tabela/6579,july_estimated_resident_population
BR-RJ,2005,15383407,IBGE,2005-07-01,https://sidra.ibge.gov.br/tabela/6579,july_estimated_resident_population
BR-RJ,2006,15561720,IBGE,2006-07-01,https://sidra.ibge.gov.br/tabela/6579,july_estimated_resident_population
BR-RJ,2008,15872362,IBGE,2008-07-01,https://sidra.ibge.gov.br/tabela/6579,july_estimated_resident_population
BR-RJ,2009,16010429,IBGE,2009-07-01,https://sidra.ibge.gov.br/tabela/6579,july_estimated_resident_population
BR-RJ,2010,15989929,IBGE,2010-08-01,https://sidra.ibge.gov.br/tabela/202,census_resident_population
BR-RJ,2011,16112678,IBGE,2011-07-01,https://sidra.ibge.gov.br/tabela/6579,july_estimated_resident_population
BR-RJ,2012,16231365,IBGE,2012-07-01,https://sidra.ibge.gov.br/tabela/6579,july_estimated_resident_population
BR-RJ,2013,16369179,IBGE,2013-07-01,https://sidra.ibge.gov.br/tabela/6579,july_estimated_resident_population
BR-RJ,2014,16461173,IBGE,2014-07-01,https://sidra.ibge.gov.br/tabela/6579,july_estimated_resident_population
BR-RJ,2015,16550024,IBGE,2015-07-01,https://sidra.ibge.gov.br/tabela/6579,july_estimated_resident_population
BR-RJ,2016,16635996,IBGE,2016-07-01,https://sidra.ibge.gov.br/tabela/6579,july_estimated_resident_population
BR-RJ,2017,16718956,IBGE,2017-07-01,https://sidra.ibge.gov.br/tabela/6579,july_estimated_resident_population
BR-RJ,2018,17159960,IBGE,2018-07-01,https://sidra.ibge.gov.br/tabela/6579,july_estimated_resident_population
BR-RJ,2019,17264943,IBGE,2019-07-01,https://sidra.ibge.gov.br/tabela/6579,july_estimated_resident_population
BR-RJ,2020,17366189,IBGE,2020-07-01,https://sidra.ibge.gov.br/tabela/6579,july_estimated_resident_population
BR-RJ,2021,17463349,IBGE,2021-07-01,https://sidra.ibge.gov.br/tabela/6579,july_estimated_resident_population
BR-RJ,2022,16055174,IBGE,2022-08-01,https://sidra.ibge.gov.br/tabela/4714,census_resident_population
BR-RJ,2024,17219679,IBGE,2024-07-01,https://sidra.ibge.gov.br/tabela/6579,july_estimated_resident_population
BR-RJ,2025,17223547,IBGE,2025-07-01,https://sidra.ibge.gov.br/tabela/6579,july_estimated_resident_population
BR-RJ,2026,17225410,IBGE,2026-07-01,https://sidra.ibge.gov.br/tabela/6579,july_estimated_resident_population
BR-RN,2000,2776782,IBGE,2000-08-01,https://sidra.ibge.gov.br/tabela/202,census_resident_population
BR-RN,2001,2815244,IBGE,2001-07-01,https://sidra.ibge.gov.br/tabela/6579,july_estimated_resident_population
BR-RN,2002,2852784,IBGE,2002-07-01,https://sidra.ibge.gov.br/tabela/6579,july_estimated_resident_population
BR-RN,2003,2888058,IBGE,2003-07-01,https://sidra.ibge.gov.br/tabela/6579,july_estimated_resident_population
BR-RN,2004,2962107,IBGE,2004-07-01,https://sidra.ibge.gov.br/tabela/6579,july_estimated_resident_population
BR-RN,2005,3003087,IBGE,2005-07-01,https://sidra.ibge.gov.br/tabela/6579,july_estimated_resident_population
BR-RN,2006,3043760,IBGE,2006-07-01,https://sidra.ibge.gov.br/tabela/6579,july_estimated_resident_population
BR-RN,2008,3106436,IBGE,2008-07-01,https://sidra.ibge.gov.br/tabela/6579,july_estimated_resident_population
BR-RN,2009,3137541,IBGE,2009-07-01,https://sidra.ibge.gov.br/tabela/6579,july_estimated_resident_population
BR-RN,2010,3168027,IBGE,2010-08-01,https://sidra.ibge.gov.br/tabela/202,census_resident_population
BR-RN,2011,3198657,IBGE,2011-07-01,https://sidra.ibge.gov.br/tabela/6579,july_estimated_resident_population
BR-RN,2012,3228198,IBGE,2012-07-01,https://sidra.ibge.gov.br/tabela/6579,july_estimated_resident_population
BR-RN,2013,3373959,IBGE,2013-07-01,https://sidra.ibge.gov.br/tabela/6579,july_estimated_resident_population
BR-RN,2014,3408510,IBGE,2014-07-01,https://sidra.ibge.gov.br/tabela/6579,july_estimated_resident_population
BR-RN,2015,3442175,IBGE,2015-07-01,https://sidra.ibge.gov.br/tabela/6579,july_estimated_resident_population
BR-RN,2016,3474998,IBGE,2016-07-01,https://sidra.ibge.gov.br/tabela/6579,july_estimated_resident_population
BR-RN,2017,3507003,IBGE,2017-07-01,https://sidra.ibge.gov.br/tabela/6579,july_estimated_resident_population
BR-RN,2018,3479010,IBGE,2018-07-01,https://sidra.ibge.gov.br/tabela/6579,july_estimated_resident_population
BR-RN,2019,3506853,IBGE,2019-07-01,https://sidra.ibge.gov.br/tabela/6579,july_estimated_resident_population
BR-RN,2020,3534165,IBGE,2020-07-01,https://sidra.ibge.gov.br/tabela/6579,july_estimated_resident_population
BR-RN,2021,3560903,IBGE,2021-07-01,https://sidra.ibge.gov.br/tabela/6579,july_estimated_resident_population
BR-RN,2022,3302729,IBGE,2022-08-01,https://sidra.ibge.gov.br/tabela/4714,census_resident_population
BR-RN,2024,3446071,IBGE,2024-07-01,https://sidra.ibge.gov.br/tabela/6579,july_estimated_resident_population
BR-RN,2025,3455236,IBGE,2025-07-01,https://sidra.ibge.gov.br/tabela/6579,july_estimated_resident_population
BR-RN,2026,3463737,IBGE,2026-07-01,https://sidra.ibge.gov.br/tabela/6579,july_estimated_resident_population
BR-RO,2000,1379787,IBGE,2000-08-01,https://sidra.ibge.gov.br/tabela/202,census_resident_population
BR-RO,2001,1407886,IBGE,2001-07-01,https://sidra.ibge.gov.br/tabela/6579,july_estimated_resident_population
BR-RO,2002,1431777,IBGE,2002-07-01,https://sidra.ibge.gov.br/tabela/6579,july_estimated_resident_population
BR-RO,2003,1455907,IBGE,2003-07-01,https://sidra.ibge.gov.br/tabela/6579,july_estimated_resident_population
BR-RO,2004,1562085,IBGE,2004-07-01,https://sidra.ibge.gov.br/tabela/6579,july_estimated_resident_population
BR-RO,2005,1534594,IBGE,2005-07-01,https://sidra.ibge.gov.br/tabela/6579,july_estimated_resident_population
BR-RO,2006,1562417,IBGE,2006-07-01,https://sidra.ibge.gov.br/tabela/6579,july_estimated_resident_population
BR-RO,2008,1493565,IBGE,2008-07-01,https://sidra.ibge.gov.br/tabela/6579,july_estimated_resident_population
BR-RO,2009,1503928,IBGE,2009-07-01,https://sidra.ibge.gov.br/tabela/6579,july_estimated_resident_population
BR-RO,2010,1562409,IBGE,2010-08-01,https://sidra.ibge.gov.br/tabela/202,census_resident_population
BR-RO,2011,1576455,IBGE,2011-07-01,https://sidra.ibge.gov.br/tabela/6579,july_estimated_resident_population
BR-RO,2012,1590011,IBGE,2012-07-01,https://sidra.ibge.gov.br/tabela/6579,july_estimated_resident_population
BR-RO,2013,1728214,IBGE,2013-07-01,https://sidra.ibge.gov.br/tabela/6579,july_estimated_resident_population
BR-RO,2014,1748531,IBGE,2014-07-01,https://sidra.ibge.gov.br/tabela/6579,july_estimated_resident_population
BR-RO,2015,1768204,IBGE,2015-07-01,https://sidra.ibge.gov.br/tabela/6579,july_estimated_resident_population
BR-RO,2016,1787279,IBGE,2016-07-01,https://sidra.ibge.gov.br/tabela/6579,july_estimated_resident_population
BR-RO,2017,1805788,IBGE,2017-07-01,https://sidra.ibge.gov.br/tabela/6579,july_estimated_resident_population
BR-RO,2018,1757589,IBGE,2018-07-01,https://sidra.ibge.gov.br/tabela/6579,july_estimated_resident_population
BR-RO,2019,1777225,IBGE,2019-07-01,https://sidra.ibge.gov.br/tabela/6579,july_estimated_resident_population
BR-RO,2020,1796460,IBGE,2020-07-01,https://sidra.ibge.gov.br/tabela/6579,july_estimated_resident_population
BR-RO,2021,1815278,IBGE,2021-07-01,https://sidra.ibge.gov.br/tabela/6579,july_estimated_resident_population
BR-RO,2022,1581196,IBGE,2022-08-01,https://sidra.ibge.gov.br/tabela/4714,census_resident_population
BR-RO,2024,1746227,IBGE,2024-07-01,https://sidra.ibge.gov.br/tabela/6579,july_estimated_resident_population
BR-RO,2025,1751950,IBGE,2025-07-01,https://sidra.ibge.gov.br/tabela/6579,july_estimated_resident_population
BR-RO,2026,1757338,IBGE,2026-07-01,https://sidra.ibge.gov.br/tabela/6579,july_estimated_resident_population
BR-RR,2000,324397,IBGE,2000-08-01,https://sidra.ibge.gov.br/tabela/202,census_resident_population
BR-RR,2001,337237,IBGE,2001-07-01,https://sidra.ibge.gov.br/tabela/6579,july_estimated_resident_population
BR-RR,2002,346871,IBGE,2002-07-01,https://sidra.ibge.gov.br/tabela/6579,july_estimated_resident_population
BR-RR,2003,357302,IBGE,2003-07-01,https://sidra.ibge.gov.br/tabela/6579,july_estimated_resident_population
BR-RR,2004,381896,IBGE,2004-07-01,https://sidra.ibge.gov.br/tabela/6579,july_estimated_resident_population
BR-RR,2005,391317,IBGE,2005-07-01,https://sidra.ibge.gov.br/tabela/6579,july_estimated_resident_population
BR-RR,2006,403344,IBGE,2006-07-01,https://sidra.ibge.gov.br/tabela/6579,july_estimated_resident_population
BR-RR,2008,412783,IBGE,2008-07-01,https://sidra.ibge.gov.br/tabela/6579,july_estimated_resident_population
BR-RR,2009,421499,IBGE,2009-07-01,https://sidra.ibge.gov.br/tabela/6579,july_estimated_resident_population
BR-RR,2010,450479,IBGE,2010-08-01,https://sidra.ibge.gov.br/tabela/202,census_resident_population
BR-RR,2011,460165,IBGE,2011-07-01,https://sidra.ibge.gov.br/tabela/6579,july_estimated_resident_population
BR-RR,2012,469524,IBGE,2012-07-01,https://sidra.ibge.gov.br/tabela/6579,july_estimated_resident_population
BR-RR,2013,488072,IBGE,2013-07-01,https://sidra.ibge.gov.br/tabela/6579,july_estimated_resident_population
BR-RR,2014,496936,IBGE,2014-07-01,https://sidra.ibge.gov.br/tabela/6579,july_estimated_resident_population
BR-RR,2015,505665,IBGE,2015-07-01,https://sidra.ibge.gov.br/tabela/6579,july_estimated_resident_population
BR-RR,2016,514229,IBGE,2016-07-01,https://sidra.ibge.gov.br/tabela/6579,july_estimated_resident_population
BR-RR,2017,522636,IBGE,2017-07-01,https://sidra.ibge.gov.br/tabela/6579,july_estimated_resident_population
BR-RR,2018,576568,IBGE,2018-07-01,https://sidra.ibge.gov.br/tabela/6579,july_estimated_resident_population
BR-RR,2019,605761,IBGE,2019-07-01,https://sidra.ibge.gov.br/tabela/6579,july_estimated_resident_population
BR-RR,2020,631181,IBGE,2020-07-01,https://sidra.ibge.gov.br/tabela/6579,july_estimated_resident_population
BR-RR,2021,652713,IBGE,2021-07-01,https://sidra.ibge.gov.br/tabela/6579,july_estimated_resident_population
BR-RR,2022,636707,IBGE,2022-08-01,https://sidra.ibge.gov.br/tabela/4714,census_resident_population
BR-RR,2024,716793,IBGE,2024-07-01,https://sidra.ibge.gov.br/tabela/6579,july_estimated_resident_population
BR-RR,2025,738772,IBGE,2025-07-01,https://sidra.ibge.gov.br/tabela/6579,july_estimated_resident_population
BR-RR,2026,761012,IBGE,2026-07-01,https://sidra.ibge.gov.br/tabela/6579,july_estimated_resident_population
BR-RS,2000,10187798,IBGE,2000-08-01,https://sidra.ibge.gov.br/tabela/202,census_resident_population
BR-RS,2001,10309819,IBGE,2001-07-01,https://sidra.ibge.gov.br/tabela/6579,july_estimated_resident_population
BR-RS,2002,10408540,IBGE,2002-07-01,https://sidra.ibge.gov.br/tabela/6579,july_estimated_resident_population
BR-RS,2003,10510992,IBGE,2003-07-01,https://sidra.ibge.gov.br/tabela/6579,july_estimated_resident_population
BR-RS,2004,10726063,IBGE,2004-07-01,https://sidra.ibge.gov.br/tabela/6579,july_estimated_resident_population
BR-RS,2005,10845087,IBGE,2005-07-01,https://sidra.ibge.gov.br/tabela/6579,july_estimated_resident_population
BR-RS,2006,10963219,IBGE,2006-07-01,https://sidra.ibge.gov.br/tabela/6579,july_estimated_resident_population
BR-RS,2008,10855228,IBGE,2008-07-01,https://sidra.ibge.gov.br/tabela/6579,july_estimated_resident_population
BR-RS,2009,10914128,IBGE,2009-07-01,https://sidra.ibge.gov.br/tabela/6579,july_estimated_resident_population
BR-RS,2010,10693929,IBGE,2010-08-01,https://sidra.ibge.gov.br/tabela/202,census_resident_population
BR-RS,2011,10733030,IBGE,2011-07-01,https://sidra.ibge.gov.br/tabela/6579,july_estimated_resident_population
BR-RS,2012,10768025,IBGE,2012-07-01,https://sidra.ibge.gov.br/tabela/6579,july_estimated_resident_population
BR-RS,2013,11164043,IBGE,2013-07-01,https://sidra.ibge.gov.br/tabela/6579,july_estimated_resident_population
BR-RS,2014,11207274,IBGE,2014-07-01,https://sidra.ibge.gov.br/tabela/6579,july_estimated_resident_population
BR-RS,2015,11247972,IBGE,2015-07-01,https://sidra.ibge.gov.br/tabela/6579,july_estimated_resident_population
BR-RS,2016,11286500,IBGE,2016-07-01,https://sidra.ibge.gov.br/tabela/6579,july_estimated_resident_population
BR-RS,2017,11322895,IBGE,2017-07-01,https://sidra.ibge.gov.br/tabela/6579,july_estimated_resident_population
BR-RS,2018,11329605,IBGE,2018-07-01,https://sidra.ibge.gov.br/tabela/6579,july_estimated_resident_population
BR-RS,2019,11377239,IBGE,2019-07-01,https://sidra.ibge.gov.br/tabela/6579,july_estimated_resident_population
BR-RS,2020,11422973,IBGE,2020-07-01,https://sidra.ibge.gov.br/tabela/6579,july_estimated_resident_population
BR-RS,2021,11466630,IBGE,2021-07-01,https://sidra.ibge.gov.br/tabela/6579,july_estimated_resident_population
BR-RS,2022,10882965,IBGE,2022-08-01,https://sidra.ibge.gov.br/tabela/4714,census_resident_population
BR-RS,2024,11229915,IBGE,2024-07-01,https://sidra.ibge.gov.br/tabela/6579,july_estimated_resident_population
BR-RS,2025,11233263,IBGE,2025-07-01,https://sidra.ibge.gov.br/tabela/6579,july_estimated_resident_population
BR-RS,2026,11233317,IBGE,2026-07-01,https://sidra.ibge.gov.br/tabela/6579,july_estimated_resident_population
BR-SC,2000,5356360,IBGE,2000-08-01,https://sidra.ibge.gov.br/tabela/202,census_resident_population
BR-SC,2001,5448736,IBGE,2001-07-01,https://sidra.ibge.gov.br/tabela/6579,july_estimated_resident_population
BR-SC,2002,5527707,IBGE,2002-07-01,https://sidra.ibge.gov.br/tabela/6579,july_estimated_resident_population
BR-SC,2003,5607233,IBGE,2003-07-01,https://sidra.ibge.gov.br/tabela/6579,july_estimated_resident_population
BR-SC,2004,5774178,IBGE,2004-07-01,https://sidra.ibge.gov.br/tabela/6579,july_estimated_resident_population
BR-SC,2005,5866568,IBGE,2005-07-01,https://sidra.ibge.gov.br/tabela/6579,july_estimated_resident_population
BR-SC,2006,5958266,IBGE,2006-07-01,https://sidra.ibge.gov.br/tabela/6579,july_estimated_resident_population
BR-SC,2008,6052587,IBGE,2008-07-01,https://sidra.ibge.gov.br/tabela/6579,july_estimated_resident_population
BR-SC,2009,6118743,IBGE,2009-07-01,https://sidra.ibge.gov.br/tabela/6579,july_estimated_resident_population
BR-SC,2010,6248436,IBGE,2010-08-01,https://sidra.ibge.gov.br/tabela/202,census_resident_population
BR-SC,2011,6317054,IBGE,2011-07-01,https://sidra.ibge.gov.br/tabela/6579,july_estimated_resident_population
BR-SC,2012,6362734,IBGE,2012-07-01,https://sidra.ibge.gov.br/tabela/6579,july_estimated_resident_population
BR-SC,2013,6634254,IBGE,2013-07-01,https://sidra.ibge.gov.br/tabela/6579,july_estimated_resident_population
BR-SC,2014,6727148,IBGE,2014-07-01,https://sidra.ibge.gov.br/tabela/6579,july_estimated_resident_population
BR-SC,2015,6819190,IBGE,2015-07-01,https://sidra.ibge.gov.br/tabela/6579,july_estimated_resident_population
BR-SC,2016,6910553,IBGE,2016-07-01,https://sidra.ibge.gov.br/tabela/6579,july_estimated_resident_population
BR-SC,2017,7001161,IBGE,2017-07-01,https://sidra.ibge.gov.br/tabela/6579,july_estimated_resident_population
BR-SC,2018,7075494,IBGE,2018-07-01,https://sidra.ibge.gov.br/tabela/6579,july_estimated_resident_population
BR-SC,2019,7164788,IBGE,2019-07-01,https://sidra.ibge.gov.br/tabela/6579,july_estimated_resident_population
BR-SC,2020,7252502,IBGE,2020-07-01,https://sidra.ibge.gov.br/tabela/6579,july_estimated_resident_population
BR-SC,2021,7338473,IBGE,2021-07-01,https://sidra.ibge.gov.br/tabela/6579,july_estimated_resident_population
BR-SC,2022,7610361,IBGE,2022-08-01,https://sidra.ibge.gov.br/tabela/4714,census_resident_population
BR-SC,2024,8058441,IBGE,2024-07-01,https://sidra.ibge.gov.br/tabela/6579,july_estimated_resident_population
BR-SC,2025,8187029,IBGE,2025-07-01,https://sidra.ibge.gov.br/tabela/6579,july_estimated_resident_population
BR-SC,2026,8312759,IBGE,2026-07-01,https://sidra.ibge.gov.br/tabela/6579,july_estimated_resident_population
BR-SE,2000,1784475,IBGE,2000-08-01,https://sidra.ibge.gov.br/tabela/202,census_resident_population
BR-SE,2001,1817301,IBGE,2001-07-01,https://sidra.ibge.gov.br/tabela/6579,july_estimated_resident_population
BR-SE,2002,1846039,IBGE,2002-07-01,https://sidra.ibge.gov.br/tabela/6579,july_estimated_resident_population
BR-SE,2003,1874613,IBGE,2003-07-01,https://sidra.ibge.gov.br/tabela/6579,july_estimated_resident_population
BR-SE,2004,1934596,IBGE,2004-07-01,https://sidra.ibge.gov.br/tabela/6579,july_estimated_resident_population
BR-SE,2005,1967791,IBGE,2005-07-01,https://sidra.ibge.gov.br/tabela/6579,july_estimated_resident_population
BR-SE,2006,2000738,IBGE,2006-07-01,https://sidra.ibge.gov.br/tabela/6579,july_estimated_resident_population
BR-SE,2008,1999374,IBGE,2008-07-01,https://sidra.ibge.gov.br/tabela/6579,july_estimated_resident_population
BR-SE,2009,2019679,IBGE,2009-07-01,https://sidra.ibge.gov.br/tabela/6579,july_estimated_resident_population
BR-SE,2010,2068017,IBGE,2010-08-01,https://sidra.ibge.gov.br/tabela/202,census_resident_population
BR-SE,2011,2089819,IBGE,2011-07-01,https://sidra.ibge.gov.br/tabela/6579,july_estimated_resident_population
BR-SE,2012,2110867,IBGE,2012-07-01,https://sidra.ibge.gov.br/tabela/6579,july_estimated_resident_population
BR-SE,2013,2195662,IBGE,2013-07-01,https://sidra.ibge.gov.br/tabela/6579,july_estimated_resident_population
BR-SE,2014,2219574,IBGE,2014-07-01,https://sidra.ibge.gov.br/tabela/6579,july_estimated_resident_population
BR-SE,2015,2242937,IBGE,2015-07-01,https://sidra.ibge.gov.br/tabela/6579,july_estimated_resident_population
BR-SE,2016,2265779,IBGE,2016-07-01,https://sidra.ibge.gov.br/tabela/6579,july_estimated_resident_population
BR-SE,2017,2288116,IBGE,2017-07-01,https://sidra.ibge.gov.br/tabela/6579,july_estimated_resident_population
BR-SE,2018,2278308,IBGE,2018-07-01,https://sidra.ibge.gov.br/tabela/6579,july_estimated_resident_population
BR-SE,2019,2298696,IBGE,2019-07-01,https://sidra.ibge.gov.br/tabela/6579,july_estimated_resident_population
BR-SE,2020,2318822,IBGE,2020-07-01,https://sidra.ibge.gov.br/tabela/6579,july_estimated_resident_population
BR-SE,2021,2338474,IBGE,2021-07-01,https://sidra.ibge.gov.br/tabela/6579,july_estimated_resident_population
BR-SE,2022,2210004,IBGE,2022-08-01,https://sidra.ibge.gov.br/tabela/4714,census_resident_population
BR-SE,2024,2291077,IBGE,2024-07-01,https://sidra.ibge.gov.br/tabela/6579,july_estimated_resident_population
BR-SE,2025,2299425,IBGE,2025-07-01,https://sidra.ibge.gov.br/tabela/6579,july_estimated_resident_population
BR-SE,2026,2307255,IBGE,2026-07-01,https://sidra.ibge.gov.br/tabela/6579,july_estimated_resident_population
BR-SP,2000,37032403,IBGE,2000-08-01,https://sidra.ibge.gov.br/tabela/202,census_resident_population
BR-SP,2001,37630106,IBGE,2001-07-01,https://sidra.ibge.gov.br/tabela/6579,july_estimated_resident_population
BR-SP,2002,38177742,IBGE,2002-07-01,https://sidra.ibge.gov.br/tabela/6579,july_estimated_resident_population
BR-SP,2003,38709320,IBGE,2003-07-01,https://sidra.ibge.gov.br/tabela/6579,july_estimated_resident_population
BR-SP,2004,39825226,IBGE,2004-07-01,https://sidra.ibge.gov.br/tabela/6579,july_estimated_resident_population
BR-SP,2005,40442795,IBGE,2005-07-01,https://sidra.ibge.gov.br/tabela/6579,july_estimated_resident_population
BR-SP,2006,41055734,IBGE,2006-07-01,https://sidra.ibge.gov.br/tabela/6579,july_estimated_resident_population
BR-SP,2008,41011638,IBGE,2008-07-01,https://sidra.ibge.gov.br/tabela/6579,july_estimated_resident_population
BR-SP,2009,41384039,IBGE,2009-07-01,https://sidra.ibge.gov.br/tabela/6579,july_estimated_resident_population
BR-SP,2010,41262199,IBGE,2010-08-01,https://sidra.ibge.gov.br/tabela/202,census_resident_population
BR-SP,2011,41587182,IBGE,2011-07-01,https://sidra.ibge.gov.br/tabela/6579,july_estimated_resident_population
BR-SP,2012,41901219,IBGE,2012-07-01,https://sidra.ibge.gov.br/tabela/6579,july_estimated_resident_population
BR-SP,2013,43663669,IBGE,2013-07-01,https://sidra.ibge.gov.br/tabela/6579,july_estimated_resident_population
BR-SP,2014,44035304,IBGE,2014-07-01,https://sidra.ibge.gov.br/tabela/6579,july_estimated_resident_population
BR-SP,2015,44396484,IBGE,2015-07-01,https://sidra.ibge.gov.br/tabela/6579,july_estimated_resident_population
BR-SP,2016,44749699,IBGE,2016-07-01,https://sidra.ibge.gov.br/tabela/6579,july_estimated_resident_population
BR-SP,2017,45094866,IBGE,2017-07-01,https://sidra.ibge.gov.br/tabela/6579,july_estimated_resident_population
BR-SP,2018,45538936,IBGE,2018-07-01,https://sidra.ibge.gov.br/tabela/6579,july_estimated_resident_population
BR-SP,2019,45919049,IBGE,2019-07-01,https://sidra.ibge.gov.br/tabela/6579,july_estimated_resident_population
BR-SP,2020,46289333,IBGE,2020-07-01,https://sidra.ibge.gov.br/tabela/6579,july_estimated_resident_population
BR-SP,2021,46649132,IBGE,2021-07-01,https://sidra.ibge.gov.br/tabela/6579,july_estimated_resident_population
BR-SP,2022,44411238,IBGE,2022-08-01,https://sidra.ibge.gov.br/tabela/4714,census_resident_population
BR-SP,2024,45973194,IBGE,2024-07-01,https://sidra.ibge.gov.br/tabela/6579,july_estimated_resident_population
BR-SP,2025,46081801,IBGE,2025-07-01,https://sidra.ibge.gov.br/tabela/6579,july_estimated_resident_population
BR-SP,2026,46179008,IBGE,2026-07-01,https://sidra.ibge.gov.br/tabela/6579,july_estimated_resident_population
BR-TO,2000,1157098,IBGE,2000-08-01,https://sidra.ibge.gov.br/tabela/202,census_resident_population
BR-TO,2001,1184895,IBGE,2001-07-01,https://sidra.ibge.gov.br/tabela/6579,july_estimated_resident_population
BR-TO,2002,1207014,IBGE,2002-07-01,https://sidra.ibge.gov.br/tabela/6579,july_estimated_resident_population
BR-TO,2003,1230181,IBGE,2003-07-01,https://sidra.ibge.gov.br/tabela/6579,july_estimated_resident_population
BR-TO,2004,1262644,IBGE,2004-07-01,https://sidra.ibge.gov.br/tabela/6579,july_estimated_resident_population
BR-TO,2005,1305728,IBGE,2005-07-01,https://sidra.ibge.gov.br/tabela/6579,july_estimated_resident_population
BR-TO,2006,1332441,IBGE,2006-07-01,https://sidra.ibge.gov.br/tabela/6579,july_estimated_resident_population
BR-TO,2008,1280513,IBGE,2008-07-01,https://sidra.ibge.gov.br/tabela/6579,july_estimated_resident_population
BR-TO,2009,1292051,IBGE,2009-07-01,https://sidra.ibge.gov.br/tabela/6579,july_estimated_resident_population
BR-TO,2010,1383445,IBGE,2010-08-01,https://sidra.ibge.gov.br/tabela/202,census_resident_population
BR-TO,2011,1400892,IBGE,2011-07-01,https://sidra.ibge.gov.br/tabela/6579,july_estimated_resident_population
BR-TO,2012,1417694,IBGE,2012-07-01,https://sidra.ibge.gov.br/tabela/6579,july_estimated_resident_population
BR-TO,2013,1478164,IBGE,2013-07-01,https://sidra.ibge.gov.br/tabela/6579,july_estimated_resident_population
BR-TO,2014,1496880,IBGE,2014-07-01,https://sidra.ibge.gov.br/tabela/6579,july_estimated_resident_population
BR-TO,2015,1515126,IBGE,2015-07-01,https://sidra.ibge.gov.br/tabela/6579,july_estimated_resident_population
BR-TO,2016,1532902,IBGE,2016-07-01,https://sidra.ibge.gov.br/tabela/6579,july_estimated_resident_population
BR-TO,2017,1550194,IBGE,2017-07-01,https://sidra.ibge.gov.br/tabela/6579,july_estimated_resident_population
BR-TO,2018,1555229,IBGE,2018-07-01,https://sidra.ibge.gov.br/tabela/6579,july_estimated_resident_population
BR-TO,2019,1572866,IBGE,2019-07-01,https://sidra.ibge.gov.br/tabela/6579,july_estimated_resident_population
BR-TO,2020,1590248,IBGE,2020-07-01,https://sidra.ibge.gov.br/tabela/6579,july_estimated_resident_population
BR-TO,2021,1607363,IBGE,2021-07-01,https://sidra.ibge.gov.br/tabela/6579,july_estimated_resident_population
BR-TO,2022,1511460,IBGE,2022-08-01,https://sidra.ibge.gov.br/tabela/4714,census_resident_population
BR-TO,2024,1577342,IBGE,2024-07-01,https://sidra.ibge.gov.br/tabela/6579,july_estimated_resident_population
BR-TO,2025,1586859,IBGE,2025-07-01,https://sidra.ibge.gov.br/tabela/6579,july_estimated_resident_population
BR-TO,2026,1595994,IBGE,2026-07-01,https://sidra.ibge.gov.br/tabela/6579,july_estimated_resident_population
CN,2000,1267430000,NBS,2000-12-31,https://data.stats.gov.cn/dg/website/page.html#/pc/national/yearData,year_end_resident_population
CN,2001,1276270000,NBS,2001-12-31,https://data.stats.gov.cn/dg/website/page.html#/pc/national/yearData,year_end_resident_population
CN,2002,1284530000,NBS,2002-12-31,https://data.stats.gov.cn/dg/website/page.html#/pc/national/yearData,year_end_resident_population
CN,2003,1292270000,NBS,2003-12-31,https://data.stats.gov.cn/dg/website/page.html#/pc/national/yearData,year_end_resident_population
CN,2004,1299880000,NBS,2004-12-31,https://data.stats.gov.cn/dg/website/page.html#/pc/national/yearData,year_end_resident_population
CN,2005,1307560000,NBS,2005-12-31,https://data.stats.gov.cn/dg/website/page.html#/pc/national/yearData,year_end_resident_population
CN,2006,1314480000,NBS,2006-12-31,https://data.stats.gov.cn/dg/website/page.html#/pc/national/yearData,year_end_resident_population
CN,2007,1321290000,NBS,2007-12-31,https://data.stats.gov.cn/dg/website/page.html#/pc/national/yearData,year_end_resident_population
CN,2008,1328020000,NBS,2008-12-31,https://data.stats.gov.cn/dg/website/page.html#/pc/national/yearData,year_end_resident_population
CN,2009,1334500000,NBS,2009-12-31,https://data.stats.gov.cn/dg/website/page.html#/pc/national/yearData,year_end_resident_population
CN,2010,1340910000,NBS,2010-12-31,https://data.stats.gov.cn/dg/website/page.html#/pc/national/yearData,year_end_resident_population
CN,2011,1349160000,NBS,2011-12-31,https://data.stats.gov.cn/dg/website/page.html#/pc/national/yearData,year_end_resident_population
CN,2012,1359220000,NBS,2012-12-31,https://data.stats.gov.cn/dg/website/page.html#/pc/national/yearData,year_end_resident_population
CN,2013,1367260000,NBS,2013-12-31,https://data.stats.gov.cn/dg/website/page.html#/pc/national/yearData,year_end_resident_population
CN,2014,1376460000,NBS,2014-12-31,https://data.stats.gov.cn/dg/website/page.html#/pc/national/yearData,year_end_resident_population
CN,2015,1383260000,NBS,2015-12-31,https://data.stats.gov.cn/dg/website/page.html#/pc/national/yearData,year_end_resident_population
CN,2016,1392320000,NBS,2016-12-31,https://data.stats.gov.cn/dg/website/page.html#/pc/national/yearData,year_end_resident_population
CN,2017,1400110000,NBS,2017-12-31,https://data.stats.gov.cn/dg/website/page.html#/pc/national/yearData,year_end_resident_population
CN,2018,1405410000,NBS,2018-12-31,https://data.stats.gov.cn/dg/website/page.html#/pc/national/yearData,year_end_resident_population
CN,2019,1410080000,NBS,2019-12-31,https://data.stats.gov.cn/dg/website/page.html#/pc/national/yearData,year_end_resident_population
CN,2020,1412120000,NBS,2020-12-31,https://data.stats.gov.cn/dg/website/page.html#/pc/national/yearData,year_end_resident_population
CN,2021,1412600000,NBS,2021-12-31,https://data.stats.gov.cn/dg/website/page.html#/pc/national/yearData,year_end_resident_population
CN,2022,1411750000,NBS,2022-12-31,https://data.stats.gov.cn/dg/website/page.html#/pc/national/yearData,year_end_resident_population
CN,2023,1409670000,NBS,2023-12-31,https://data.stats.gov.cn/dg/website/page.html#/pc/national/yearData,year_end_resident_population
CN,2024,1408280000,NBS,2024-12-31,https://data.stats.gov.cn/dg/website/page.html#/pc/national/yearData,year_end_resident_population
CN,2025,1404890000,NBS,2025-12-31,https://data.stats.gov.cn/dg/website/page.html#/pc/national/yearData,year_end_resident_population
CN-AH,2000,60930000,NBS,2000-12-31,https://data.stats.gov.cn/dg/website/page.html#/pc/national/fsYearData,year_end_resident_population
CN-AH,2001,61280000,NBS,2001-12-31,https://data.stats.gov.cn/dg/website/page.html#/pc/national/fsYearData,year_end_resident_population
CN-AH,2002,61440000,NBS,2002-12-31,https://data.stats.gov.cn/dg/website/page.html#/pc/national/fsYearData,year_end_resident_population
CN-AH,2003,61630000,NBS,2003-12-31,https://data.stats.gov.cn/dg/website/page.html#/pc/national/fsYearData,year_end_resident_population
CN-AH,2004,62280000,NBS,2004-12-31,https://data.stats.gov.cn/dg/website/page.html#/pc/national/fsYearData,year_end_resident_population
CN-AH,2005,61200000,NBS,2005-12-31,https://data.stats.gov.cn/dg/website/page.html#/pc/national/fsYearData,year_end_resident_population
CN-AH,2006,61100000,NBS,2006-12-31,https://data.stats.gov.cn/dg/website/page.html#/pc/national/fsYearData,year_end_resident_population
CN-AH,2007,61180000,NBS,2007-12-31,https://data.stats.gov.cn/dg/website/page.html#/pc/national/fsYearData,year_end_resident_population
CN-AH,2008,61350000,NBS,2008-12-31,https://data.stats.gov.cn/dg/website/page.html#/pc/national/fsYearData,year_end_resident_population
CN-AH,2009,61310000,NBS,2009-12-31,https://data.stats.gov.cn/dg/website/page.html#/pc/national/fsYearData,year_end_resident_population
CN-AH,2010,59570000,NBS,2010-12-31,https://data.stats.gov.cn/dg/website/page.html#/pc/national/fsYearData,year_end_resident_population
CN-AH,2011,59720000,NBS,2011-12-31,https://data.stats.gov.cn/dg/website/page.html#/pc/national/fsYearData,year_end_resident_population
CN-AH,2012,59780000,NBS,2012-12-31,https://data.stats.gov.cn/dg/website/page.html#/pc/national/fsYearData,year_end_resident_population
CN-AH,2013,59880000,NBS,2013-12-31,https://data.stats.gov.cn/dg/website/page.html#/pc/national/fsYearData,year_end_resident_population
CN-AH,2014,59970000,NBS,2014-12-31,https://data.stats.gov.cn/dg/website/page.html#/pc/national/fsYearData,year_end_resident_population
CN-AH,2015,60110000,NBS,2015-12-31,https://data.stats.gov.cn/dg/website/page.html#/pc/national/fsYearData,year_end_resident_population
CN-AH,2016,60330000,NBS,2016-12-31,https://data.stats.gov.cn/dg/website/page.html#/pc/national/fsYearData,year_end_resident_population
CN-AH,2017,60570000,NBS,2017-12-31,https://data.stats.gov.cn/dg/website/page.html#/pc/national/fsYearData,year_end_resident_population
CN-AH,2018,60760000,NBS,2018-12-31,https://data.stats.gov.cn/dg/website/page.html#/pc/national/fsYearData,year_end_resident_population
CN-AH,2019,60920000,NBS,2019-12-31,https://data.stats.gov.cn/dg/website/page.html#/pc/national/fsYearData,year_end_resident_population
CN-AH,2020,61050000,NBS,2020-12-31,https://data.stats.gov.cn/dg/website/page.html#/pc/national/fsYearData,year_end_resident_population
CN-AH,2021,61130000,NBS,2021-12-31,https://data.stats.gov.cn/dg/website/page.html#/pc/national/fsYearData,year_end_resident_population
CN-AH,2022,61270000,NBS,2022-12-31,https://data.stats.gov.cn/dg/website/page.html#/pc/national/fsYearData,year_end_resident_population
CN-AH,2023,61210000,NBS,2023-12-31,https://data.stats.gov.cn/dg/website/page.html#/pc/national/fsYearData,year_end_resident_population
CN-AH,2024,61230000,NBS,2024-12-31,https://data.stats.gov.cn/dg/website/page.html#/pc/national/fsYearData,year_end_resident_population
CN-AH,2025,60820000,NBS,2025-12-31,https://data.stats.gov.cn/dg/website/page.html#/pc/national/fsYearData,year_end_resident_population
CN-BJ,2000,13640000,NBS,2000-12-31,https://data.stats.gov.cn/dg/website/page.html#/pc/national/fsYearData,year_end_resident_population
CN-BJ,2001,13850000,NBS,2001-12-31,https://data.stats.gov.cn/dg/website/page.html#/pc/national/fsYearData,year_end_resident_population
CN-BJ,2002,14230000,NBS,2002-12-31,https://data.stats.gov.cn/dg/website/page.html#/pc/national/fsYearData,year_end_resident_population
CN-BJ,2003,14560000,NBS,2003-12-31,https://data.stats.gov.cn/dg/website/page.html#/pc/national/fsYearData,year_end_resident_population
CN-BJ,2004,14930000,NBS,2004-12-31,https://data.stats.gov.cn/dg/website/page.html#/pc/national/fsYearData,year_end_resident_population
CN-BJ,2005,15380000,NBS,2005-12-31,https://data.stats.gov.cn/dg/website/page.html#/pc/national/fsYearData,year_end_resident_population
CN-BJ,2006,16010000,NBS,2006-12-31,https://data.stats.gov.cn/dg/website/page.html#/pc/national/fsYearData,year_end_resident_population
CN-BJ,2007,16760000,NBS,2007-12-31,https://data.stats.gov.cn/dg/website/page.html#/pc/national/fsYearData,year_end_resident_population
CN-BJ,2008,17710000,NBS,2008-12-31,https://data.stats.gov.cn/dg/website/page.html#/pc/national/fsYearData,year_end_resident_population
CN-BJ,2009,18600000,NBS,2009-12-31,https://data.stats.gov.cn/dg/website/page.html#/pc/national/fsYearData,year_end_resident_population
CN-BJ,2010,19620000,NBS,2010-12-31,https://data.stats.gov.cn/dg/website/page.html#/pc/national/fsYearData,year_end_resident_population
CN-BJ,2011,20240000,NBS,2011-12-31,https://data.stats.gov.cn/dg/website/page.html#/pc/national/fsYearData,year_end_resident_population
CN-BJ,2012,20780000,NBS,2012-12-31,https://data.stats.gov.cn/dg/website/page.html#/pc/national/fsYearData,year_end_resident_population
CN-BJ,2013,21250000,NBS,2013-12-31,https://data.stats.gov.cn/dg/website/page.html#/pc/national/fsYearData,year_end_resident_population
CN-BJ,2014,21710000,NBS,2014-12-31,https://data.stats.gov.cn/dg/website/page.html#/pc/national/fsYearData,year_end_resident_population
CN-BJ,2015,21880000,NBS,2015-12-31,https://data.stats.gov.cn/dg/website/page.html#/pc/national/fsYearData,year_end_resident_population
CN-BJ,2016,21950000,NBS,2016-12-31,https://data.stats.gov.cn/dg/website/page.html#/pc/national/fsYearData,year_end_resident_population
CN-BJ,2017,21940000,NBS,2017-12-31,https://data.stats.gov.cn/dg/website/page.html#/pc/national/fsYearData,year_end_resident_population
CN-BJ,2018,21920000,NBS,2018-12-31,https://data.stats.gov.cn/dg/website/page.html#/pc/national/fsYearData,year_end_resident_population
CN-BJ,2019,21900000,NBS,2019-12-31,https://data.stats.gov.cn/dg/website/page.html#/pc/national/fsYearData,year_end_resident_population
CN-BJ,2020,21890000,NBS,2020-12-31,https://data.stats.gov.cn/dg/website/page.html#/pc/national/fsYearData,year_end_resident_population
CN-BJ,2021,21890000,NBS,2021-12-31,https://data.stats.gov.cn/dg/website/page.html#/pc/national/fsYearData,year_end_resident_population
CN-BJ,2022,21840000,NBS,2022-12-31,https://data.stats.gov.cn/dg/website/page.html#/pc/national/fsYearData,year_end_resident_population
CN-BJ,2023,21860000,NBS,2023-12-31,https://data.stats.gov.cn/dg/website/page.html#/pc/national/fsYearData,year_end_resident_population
CN-BJ,2024,21830000,NBS,2024-12-31,https://data.stats.gov.cn/dg/website/page.html#/pc/national/fsYearData,year_end_resident_population
CN-BJ,2025,21800000,NBS,2025-12-31,https://data.stats.gov.cn/dg/website/page.html#/pc/national/fsYearData,year_end_resident_population
CN-CQ,2000,28490000,NBS,2000-12-31,https://data.stats.gov.cn/dg/website/page.html#/pc/national/fsYearData,year_end_resident_population
CN-CQ,2001,28290000,NBS,2001-12-31,https://data.stats.gov.cn/dg/website/page.html#/pc/national/fsYearData,year_end_resident_population
CN-CQ,2002,28140000,NBS,2002-12-31,https://data.stats.gov.cn/dg/website/page.html#/pc/national/fsYearData,year_end_resident_population
CN-CQ,2003,28030000,NBS,2003-12-31,https://data.stats.gov.cn/dg/website/page.html#/pc/national/fsYearData,year_end_resident_population
CN-CQ,2004,27930000,NBS,2004-12-31,https://data.stats.gov.cn/dg/website/page.html#/pc/national/fsYearData,year_end_resident_population
CN-CQ,2005,27980000,NBS,2005-12-31,https://data.stats.gov.cn/dg/website/page.html#/pc/national/fsYearData,year_end_resident_population
CN-CQ,2006,28080000,NBS,2006-12-31,https://data.stats.gov.cn/dg/website/page.html#/pc/national/fsYearData,year_end_resident_population
CN-CQ,2007,28160000,NBS,2007-12-31,https://data.stats.gov.cn/dg/website/page.html#/pc/national/fsYearData,year_end_resident_population
CN-CQ,2008,28390000,NBS,2008-12-31,https://data.stats.gov.cn/dg/website/page.html#/pc/national/fsYearData,year_end_resident_population
CN-CQ,2009,28590000,NBS,2009-12-31,https://data.stats.gov.cn/dg/website/page.html#/pc/national/fsYearData,year_end_resident_population
CN-CQ,2010,28850000,NBS,2010-12-31,https://data.stats.gov.cn/dg/website/page.html#/pc/national/fsYearData,year_end_resident_population
CN-CQ,2011,29440000,NBS,2011-12-31,https://data.stats.gov.cn/dg/website/page.html#/pc/national/fsYearData,year_end_resident_population
CN-CQ,2012,29750000,NBS,2012-12-31,https://data.stats.gov.cn/dg/website/page.html#/pc/national/fsYearData,year_end_resident_population
CN-CQ,2013,30110000,NBS,2013-12-31,https://data.stats.gov.cn/dg/website/page.html#/pc/national/fsYearData,year_end_resident_population
CN-CQ,2014,30430000,NBS,2014-12-31,https://data.stats.gov.cn/dg/website/page.html#/pc/national/fsYearData,year_end_resident_population
CN-CQ,2015,30700000,NBS,2015-12-31,https://data.stats.gov.cn/dg/website/page.html#/pc/national/fsYearData,year_end_resident_population
CN-CQ,2016,31100000,NBS,2016-12-31,https://data.stats.gov.cn/dg/website/page.html#/pc/national/fsYearData,year_end_resident_population
CN-CQ,2017,31440000,NBS,2017-12-31,https://data.stats.gov.cn/dg/website/page.html#/pc/national/fsYearData,year_end_resident_population
CN-CQ,2018,31630000,NBS,2018-12-31,https://data.stats.gov.cn/dg/website/page.html#/pc/national/fsYearData,year_end_resident_population
CN-CQ,2019,31880000,NBS,2019-12-31,https://data.stats.gov.cn/dg/website/page.html#/pc/national/fsYearData,year_end_resident_population
CN-CQ,2020,32090000,NBS,2020-12-31,https://data.stats.gov.cn/dg/website/page.html#/pc/national/fsYearData,year_end_resident_population
CN-CQ,2021,32120000,NBS,2021-12-31,https://data.stats.gov.cn/dg/website/page.html#/pc/national/fsYearData,year_end_resident_population
CN-CQ,2022,32130000,NBS,2022-12-31,https://data.stats.gov.cn/dg/website/page.html#/pc/national/fsYearData,year_end_resident_population
CN-CQ,2023,31910000,NBS,2023-12-31,https://data.stats.gov.cn/dg/website/page.html#/pc/national/fsYearData,year_end_resident_population
CN-CQ,2024,31900000,NBS,2024-12-31,https://data.stats.gov.cn/dg/website/page.html#/pc/national/fsYearData,year_end_resident_population
CN-CQ,2025,31870000,NBS,2025-12-31,https://data.stats.gov.cn/dg/website/page.html#/pc/national/fsYearData,year_end_resident_population
CN-FJ,2000,34100000,NBS,2000-12-31,https://data.stats.gov.cn/dg/website/page.html#/pc/national/fsYearData,year_end_resident_population
CN-FJ,2001,34450000,NBS,2001-12-31,https://data.stats.gov.cn/dg/website/page.html#/pc/national/fsYearData,year_end_resident_population
CN-FJ,2002,34760000,NBS,2002-12-31,https://data.stats.gov.cn/dg/website/page.html#/pc/national/fsYearData,year_end_resident_population
CN-FJ,2003,35020000,NBS,2003-12-31,https://data.stats.gov.cn/dg/website/page.html#/pc/national/fsYearData,year_end_resident_population
CN-FJ,2004,35290000,NBS,2004-12-31,https://data.stats.gov.cn/dg/website/page.html#/pc/national/fsYearData,year_end_resident_population
CN-FJ,2005,35570000,NBS,2005-12-31,https://data.stats.gov.cn/dg/website/page.html#/pc/national/fsYearData,year_end_resident_population
CN-FJ,2006,35850000,NBS,2006-12-31,https://data.stats.gov.cn/dg/website/page.html#/pc/national/fsYearData,year_end_resident_population
CN-FJ,2007,36120000,NBS,2007-12-31,https://data.stats.gov.cn/dg/website/page.html#/pc/national/fsYearData,year_end_resident_population
CN-FJ,2008,36390000,NBS,2008-12-31,https://data.stats.gov.cn/dg/website/page.html#/pc/national/fsYearData,year_end_resident_population
CN-FJ,2009,36660000,NBS,2009-12-31,https://data.stats.gov.cn/dg/website/page.html#/pc/national/fsYearData,year_end_resident_population
CN-FJ,2010,36930000,NBS,2010-12-31,https://data.stats.gov.cn/dg/website/page.html#/pc/national/fsYearData,year_end_resident_population
CN-FJ,2011,37840000,NBS,2011-12-31,https://data.stats.gov.cn/dg/website/page.html#/pc/national/fsYearData,year_end_resident_population
CN-FJ,2012,38410000,NBS,2012-12-31,https://data.stats.gov.cn/dg/website/page.html#/pc/national/fsYearData,year_end_resident_population
CN-FJ,2013,38850000,NBS,2013-12-31,https://data.stats.gov.cn/dg/website/page.html#/pc/national/fsYearData,year_end_resident_population
CN-FJ,2014,39450000,NBS,2014-12-31,https://data.stats.gov.cn/dg/website/page.html#/pc/national/fsYearData,year_end_resident_population
CN-FJ,2015,39840000,NBS,2015-12-31,https://data.stats.gov.cn/dg/website/page.html#/pc/national/fsYearData,year_end_resident_population
CN-FJ,2016,40160000,NBS,2016-12-31,https://data.stats.gov.cn/dg/website/page.html#/pc/national/fsYearData,year_end_resident_population
CN-FJ,2017,40650000,NBS,2017-12-31,https://data.stats.gov.cn/dg/website/page.html#/pc/national/fsYearData,year_end_resident_population
CN-FJ,2018,41040000,NBS,2018-12-31,https://data.stats.gov.cn/dg/website/page.html#/pc/national/fsYearData,year_end_resident_population
CN-FJ,2019,41370000,NBS,2019-12-31,https://data.stats.gov.cn/dg/website/page.html#/pc/national/fsYearData,year_end_resident_population
CN-FJ,2020,41610000,NBS,2020-12-31,https://data.stats.gov.cn/dg/website/page.html#/pc/national/fsYearData,year_end_resident_population
CN-FJ,2021,41870000,NBS,2021-12-31,https://data.stats.gov.cn/dg/website/page.html#/pc/national/fsYearData,year_end_resident_population
CN-FJ,2022,41880000,NBS,2022-12-31,https://data.stats.gov.cn/dg/website/page.html#/pc/national/fsYearData,year_end_resident_population
CN-FJ,2023,41830000,NBS,2023-12-31,https://data.stats.gov.cn/dg/website/page.html#/pc/national/fsYearData,year_end_resident_population
CN-FJ,2024,41930000,NBS,2024-12-31,https://data.stats.gov.cn/dg/website/page.html#/pc/national/fsYearData,year_end_resident_population
CN-FJ,2025,41900000,NBS,2025-12-31,https://data.stats.gov.cn/dg/website/page.html#/pc/national/fsYearData,year_end_resident_population
CN-GD,2000,86500000,NBS,2000-12-31,https://data.stats.gov.cn/dg/website/page.html#/pc/national/fsYearData,year_end_resident_population
CN-GD,2001,87330000,NBS,2001-12-31,https://data.stats.gov.cn/dg/website/page.html#/pc/national/fsYearData,year_end_resident_population
CN-GD,2002,88420000,NBS,2002-12-31,https://data.stats.gov.cn/dg/website/page.html#/pc/national/fsYearData,year_end_resident_population
CN-GD,2003,89630000,NBS,2003-12-31,https://data.stats.gov.cn/dg/website/page.html#/pc/national/fsYearData,year_end_resident_population
CN-GD,2004,91110000,NBS,2004-12-31,https://data.stats.gov.cn/dg/website/page.html#/pc/national/fsYearData,year_end_resident_population
CN-GD,2005,91940000,NBS,2005-12-31,https://data.stats.gov.cn/dg/website/page.html#/pc/national/fsYearData,year_end_resident_population
CN-GD,2006,94420000,NBS,2006-12-31,https://data.stats.gov.cn/dg/website/page.html#/pc/national/fsYearData,year_end_resident_population
CN-GD,2007,96600000,NBS,2007-12-31,https://data.stats.gov.cn/dg/website/page.html#/pc/national/fsYearData,year_end_resident_population
CN-GD,2008,98930000,NBS,2008-12-31,https://data.stats.gov.cn/dg/website/page.html#/pc/national/fsYearData,year_end_resident_population
CN-GD,2009,101300000,NBS,2009-12-31,https://data.stats.gov.cn/dg/website/page.html#/pc/national/fsYearData,year_end_resident_population
CN-GD,2010,104410000,NBS,2010-12-31,https://data.stats.gov.cn/dg/website/page.html#/pc/national/fsYearData,year_end_resident_population
CN-GD,2011,107560000,NBS,2011-12-31,https://data.stats.gov.cn/dg/website/page.html#/pc/national/fsYearData,year_end_resident_population
CN-GD,2012,110410000,NBS,2012-12-31,https://data.stats.gov.cn/dg/website/page.html#/pc/national/fsYearData,year_end_resident_population
CN-GD,2013,112700000,NBS,2013-12-31,https://data.stats.gov.cn/dg/website/page.html#/pc/national/fsYearData,year_end_resident_population
CN-GD,2014,114890000,NBS,2014-12-31,https://data.stats.gov.cn/dg/website/page.html#/pc/national/fsYearData,year_end_resident_population
CN-GD,2015,116780000,NBS,2015-12-31,https://data.stats.gov.cn/dg/website/page.html#/pc/national/fsYearData,year_end_resident_population
CN-GD,2016,119080000,NBS,2016-12-31,https://data.stats.gov.cn/dg/website/page.html#/pc/national/fsYearData,year_end_resident_population
CN-GD,2017,121410000,NBS,2017-12-31,https://data.stats.gov.cn/dg/website/page.html#/pc/national/fsYearData,year_end_resident_population
CN-GD,2018,123480000,NBS,2018-12-31,https://data.stats.gov.cn/dg/website/page.html#/pc/national/fsYearData,year_end_resident_population
CN-GD,2019,124890000,NBS,2019-12-31,https://data.stats.gov.cn/dg/website/page.html#/pc/national/fsYearData,year_end_resident_population
CN-GD,2020,126240000,NBS,2020-12-31,https://data.stats.gov.cn/dg/website/page.html#/pc/national/fsYearData,year_end_resident_population
CN-GD,2021,126840000,NBS,2021-12-31,https://data.stats.gov.cn/dg/website/page.html#/pc/national/fsYearData,year_end_resident_population
CN-GD,2022,126570000,NBS,2022-12-31,https://data.stats.gov.cn/dg/website/page.html#/pc/national/fsYearData,year_end_resident_population
CN-GD,2023,127060000,NBS,2023-12-31,https://data.stats.gov.cn/dg/website/page.html#/pc/national/fsYearData,year_end_resident_population
CN-GD,2024,127800000,NBS,2024-12-31,https://data.stats.gov.cn/dg/website/page.html#/pc/national/fsYearData,year_end_resident_population
CN-GD,2025,128590000,NBS,2025-12-31,https://data.stats.gov.cn/dg/website/page.html#/pc/national/fsYearData,year_end_resident_population
CN-GS,2000,25150000,NBS,2000-12-31,https://data.stats.gov.cn/dg/website/page.html#/pc/national/fsYearData,year_end_resident_population
CN-GS,2001,25230000,NBS,2001-12-31,https://data.stats.gov.cn/dg/website/page.html#/pc/national/fsYearData,year_end_resident_population
CN-GS,2002,25310000,NBS,2002-12-31,https://data.stats.gov.cn/dg/website/page.html#/pc/national/fsYearData,year_end_resident_population
CN-GS,2003,25370000,NBS,2003-12-31,https://data.stats.gov.cn/dg/website/page.html#/pc/national/fsYearData,year_end_resident_population
CN-GS,2004,25410000,NBS,2004-12-31,https://data.stats.gov.cn/dg/website/page.html#/pc/national/fsYearData,year_end_resident_population
CN-GS,2005,25450000,NBS,2005-12-31,https://data.stats.gov.cn/dg/website/page.html#/pc/national/fsYearData,year_end_resident_population
CN-GS,2006,25470000,NBS,2006-12-31,https://data.stats.gov.cn/dg/website/page.html#/pc/national/fsYearData,year_end_resident_population
CN-GS,2007,25480000,NBS,2007-12-31,https://data.stats.gov.cn/dg/website/page.html#/pc/national/fsYearData,year_end_resident_population
CN-GS,2008,25510000,NBS,2008-12-31,https://data.stats.gov.cn/dg/website/page.html#/pc/national/fsYearData,year_end_resident_population
CN-GS,2009,25550000,NBS,2009-12-31,https://data.stats.gov.cn/dg/website/page.html#/pc/national/fsYearData,year_end_resident_population
CN-GS,2010,25600000,NBS,2010-12-31,https://data.stats.gov.cn/dg/website/page.html#/pc/national/fsYearData,year_end_resident_population
CN-GS,2011,25520000,NBS,2011-12-31,https://data.stats.gov.cn/dg/website/page.html#/pc/national/fsYearData,year_end_resident_population
CN-GS,2012,25500000,NBS,2012-12-31,https://data.stats.gov.cn/dg/website/page.html#/pc/national/fsYearData,year_end_resident_population
CN-GS,2013,25370000,NBS,2013-12-31,https://data.stats.gov.cn/dg/website/page.html#/pc/national/fsYearData,year_end_resident_population
CN-GS,2014,25310000,NBS,2014-12-31,https://data.stats.gov.cn/dg/website/page.html#/pc/national/fsYearData,year_end_resident_population
CN-GS,2015,25230000,NBS,2015-12-31,https://data.stats.gov.cn/dg/website/page.html#/pc/national/fsYearData,year_end_resident_population
CN-GS,2016,25200000,NBS,2016-12-31,https://data.stats.gov.cn/dg/website/page.html#/pc/national/fsYearData,year_end_resident_population
CN-GS,2017,25220000,NBS,2017-12-31,https://data.stats.gov.cn/dg/website/page.html#/pc/national/fsYearData,year_end_resident_population
CN-GS,2018,25150000,NBS,2018-12-31,https://data.stats.gov.cn/dg/website/page.html#/pc/national/fsYearData,year_end_resident_population
CN-GS,2019,25090000,NBS,2019-12-31,https://data.stats.gov.cn/dg/website/page.html#/pc/national/fsYearData,year_end_resident_population
CN-GS,2020,25010000,NBS,2020-12-31,https://data.stats.gov.cn/dg/website/page.html#/pc/national/fsYearData,year_end_resident_population
CN-GS,2021,24900000,NBS,2021-12-31,https://data.stats.gov.cn/dg/website/page.html#/pc/national/fsYearData,year_end_resident_population
CN-GS,2022,24920000,NBS,2022-12-31,https://data.stats.gov.cn/dg/website/page.html#/pc/national/fsYearData,year_end_resident_population
CN-GS,2023,24650000,NBS,2023-12-31,https://data.stats.gov.cn/dg/website/page.html#/pc/national/fsYearData,year_end_resident_population
CN-GS,2024,24580000,NBS,2024-12-31,https://data.stats.gov.cn/dg/website/page.html#/pc/national/fsYearData,year_end_resident_population
CN-GS,2025,24430000,NBS,2025-12-31,https://data.stats.gov.cn/dg/website/page.html#/pc/national/fsYearData,year_end_resident_population
CN-GX,2000,47510000,NBS,2000-12-31,https://data.stats.gov.cn/dg/website/page.html#/pc/national/fsYearData,year_end_resident_population
CN-GX,2001,47880000,NBS,2001-12-31,https://data.stats.gov.cn/dg/website/page.html#/pc/national/fsYearData,year_end_resident_population
CN-GX,2002,48220000,NBS,2002-12-31,https://data.stats.gov.cn/dg/website/page.html#/pc/national/fsYearData,year_end_resident_population
CN-GX,2003,48570000,NBS,2003-12-31,https://data.stats.gov.cn/dg/website/page.html#/pc/national/fsYearData,year_end_resident_population
CN-GX,2004,48890000,NBS,2004-12-31,https://data.stats.gov.cn/dg/website/page.html#/pc/national/fsYearData,year_end_resident_population
CN-GX,2005,46600000,NBS,2005-12-31,https://data.stats.gov.cn/dg/website/page.html#/pc/national/fsYearData,year_end_resident_population
CN-GX,2006,47190000,NBS,2006-12-31,https://data.stats.gov.cn/dg/website/page.html#/pc/national/fsYearData,year_end_resident_population
CN-GX,2007,47680000,NBS,2007-12-31,https://data.stats.gov.cn/dg/website/page.html#/pc/national/fsYearData,year_end_resident_population
CN-GX,2008,48160000,NBS,2008-12-31,https://data.stats.gov.cn/dg/website/page.html#/pc/national/fsYearData,year_end_resident_population
CN-GX,2009,48560000,NBS,2009-12-31,https://data.stats.gov.cn/dg/website/page.html#/pc/national/fsYearData,year_end_resident_population
CN-GX,2010,46100000,NBS,2010-12-31,https://data.stats.gov.cn/dg/website/page.html#/pc/national/fsYearData,year_end_resident_population
CN-GX,2011,46550000,NBS,2011-12-31,https://data.stats.gov.cn/dg/website/page.html#/pc/national/fsYearData,year_end_resident_population
CN-GX,2012,46940000,NBS,2012-12-31,https://data.stats.gov.cn/dg/website/page.html#/pc/national/fsYearData,year_end_resident_population
CN-GX,2013,47310000,NBS,2013-12-31,https://data.stats.gov.cn/dg/website/page.html#/pc/national/fsYearData,year_end_resident_population
CN-GX,2014,47700000,NBS,2014-12-31,https://data.stats.gov.cn/dg/website/page.html#/pc/national/fsYearData,year_end_resident_population
CN-GX,2015,48110000,NBS,2015-12-31,https://data.stats.gov.cn/dg/website/page.html#/pc/national/fsYearData,year_end_resident_population
CN-GX,2016,48570000,NBS,2016-12-31,https://data.stats.gov.cn/dg/website/page.html#/pc/national/fsYearData,year_end_resident_population
CN-GX,2017,49070000,NBS,2017-12-31,https://data.stats.gov.cn/dg/website/page.html#/pc/national/fsYearData,year_end_resident_population
CN-GX,2018,49470000,NBS,2018-12-31,https://data.stats.gov.cn/dg/website/page.html#/pc/national/fsYearData,year_end_resident_population
CN-GX,2019,49820000,NBS,2019-12-31,https://data.stats.gov.cn/dg/website/page.html#/pc/national/fsYearData,year_end_resident_population
CN-GX,2020,50190000,NBS,2020-12-31,https://data.stats.gov.cn/dg/website/page.html#/pc/national/fsYearData,year_end_resident_population
CN-GX,2021,50370000,NBS,2021-12-31,https://data.stats.gov.cn/dg/website/page.html#/pc/national/fsYearData,year_end_resident_population
CN-GX,2022,50470000,NBS,2022-12-31,https://data.stats.gov.cn/dg/website/page.html#/pc/national/fsYearData,year_end_resident_population
CN-GX,2023,50270000,NBS,2023-12-31,https://data.stats.gov.cn/dg/website/page.html#/pc/national/fsYearData,year_end_resident_population
CN-GX,2024,50130000,NBS,2024-12-31,https://data.stats.gov.cn/dg/website/page.html#/pc/national/fsYearData,year_end_resident_population
CN-GX,2025,49890000,NBS,2025-12-31,https://data.stats.gov.cn/dg/website/page.html#/pc/national/fsYearData,year_end_resident_population
CN-GZ,2000,37560000,NBS,2000-12-31,https://data.stats.gov.cn/dg/website/page.html#/pc/national/fsYearData,year_end_resident_population
CN-GZ,2001,37990000,NBS,2001-12-31,https://data.stats.gov.cn/dg/website/page.html#/pc/national/fsYearData,year_end_resident_population
CN-GZ,2002,38370000,NBS,2002-12-31,https://data.stats.gov.cn/dg/website/page.html#/pc/national/fsYearData,year_end_resident_population
CN-GZ,2003,38700000,NBS,2003-12-31,https://data.stats.gov.cn/dg/website/page.html#/pc/national/fsYearData,year_end_resident_population
CN-GZ,2004,39040000,NBS,2004-12-31,https://data.stats.gov.cn/dg/website/page.html#/pc/national/fsYearData,year_end_resident_population
CN-GZ,2005,37300000,NBS,2005-12-31,https://data.stats.gov.cn/dg/website/page.html#/pc/national/fsYearData,year_end_resident_population
CN-GZ,2006,36900000,NBS,2006-12-31,https://data.stats.gov.cn/dg/website/page.html#/pc/national/fsYearData,year_end_resident_population
CN-GZ,2007,36320000,NBS,2007-12-31,https://data.stats.gov.cn/dg/website/page.html#/pc/national/fsYearData,year_end_resident_population
CN-GZ,2008,35960000,NBS,2008-12-31,https://data.stats.gov.cn/dg/website/page.html#/pc/national/fsYearData,year_end_resident_population
CN-GZ,2009,35370000,NBS,2009-12-31,https://data.stats.gov.cn/dg/website/page.html#/pc/national/fsYearData,year_end_resident_population
CN-GZ,2010,34790000,NBS,2010-12-31,https://data.stats.gov.cn/dg/website/page.html#/pc/national/fsYearData,year_end_resident_population
CN-GZ,2011,35300000,NBS,2011-12-31,https://data.stats.gov.cn/dg/website/page.html#/pc/national/fsYearData,year_end_resident_population
CN-GZ,2012,35870000,NBS,2012-12-31,https://data.stats.gov.cn/dg/website/page.html#/pc/national/fsYearData,year_end_resident_population
CN-GZ,2013,36320000,NBS,2013-12-31,https://data.stats.gov.cn/dg/website/page.html#/pc/national/fsYearData,year_end_resident_population
CN-GZ,2014,36770000,NBS,2014-12-31,https://data.stats.gov.cn/dg/website/page.html#/pc/national/fsYearData,year_end_resident_population
CN-GZ,2015,37080000,NBS,2015-12-31,https://data.stats.gov.cn/dg/website/page.html#/pc/national/fsYearData,year_end_resident_population
CN-GZ,2016,37580000,NBS,2016-12-31,https://data.stats.gov.cn/dg/website/page.html#/pc/national/fsYearData,year_end_resident_population
CN-GZ,2017,38030000,NBS,2017-12-31,https://data.stats.gov.cn/dg/website/page.html#/pc/national/fsYearData,year_end_resident_population
CN-GZ,2018,38220000,NBS,2018-12-31,https://data.stats.gov.cn/dg/website/page.html#/pc/national/fsYearData,year_end_resident_population
CN-GZ,2019,38480000,NBS,2019-12-31,https://data.stats.gov.cn/dg/website/page.html#/pc/national/fsYearData,year_end_resident_population
CN-GZ,2020,38580000,NBS,2020-12-31,https://data.stats.gov.cn/dg/website/page.html#/pc/national/fsYearData,year_end_resident_population
CN-GZ,2021,38520000,NBS,2021-12-31,https://data.stats.gov.cn/dg/website/page.html#/pc/national/fsYearData,year_end_resident_population
CN-GZ,2022,38560000,NBS,2022-12-31,https://data.stats.gov.cn/dg/website/page.html#/pc/national/fsYearData,year_end_resident_population
CN-GZ,2023,38650000,NBS,2023-12-31,https://data.stats.gov.cn/dg/website/page.html#/pc/national/fsYearData,year_end_resident_population
CN-GZ,2024,38600000,NBS,2024-12-31,https://data.stats.gov.cn/dg/website/page.html#/pc/national/fsYearData,year_end_resident_population
CN-GZ,2025,38570000,NBS,2025-12-31,https://data.stats.gov.cn/dg/website/page.html#/pc/national/fsYearData,year_end_resident_population
CN-HA,2000,94880000,NBS,2000-12-31,https://data.stats.gov.cn/dg/website/page.html#/pc/national/fsYearData,year_end_resident_population
CN-HA,2001,95550000,NBS,2001-12-31,https://data.stats.gov.cn/dg/website/page.html#/pc/national/fsYearData,year_end_resident_population
CN-HA,2002,96130000,NBS,2002-12-31,https://data.stats.gov.cn/dg/website/page.html#/pc/national/fsYearData,year_end_resident_population
CN-HA,2003,96670000,NBS,2003-12-31,https://data.stats.gov.cn/dg/website/page.html#/pc/national/fsYearData,year_end_resident_population
CN-HA,2004,97170000,NBS,2004-12-31,https://data.stats.gov.cn/dg/website/page.html#/pc/national/fsYearData,year_end_resident_population
CN-HA,2005,93800000,NBS,2005-12-31,https://data.stats.gov.cn/dg/website/page.html#/pc/national/fsYearData,year_end_resident_population
CN-HA,2006,93920000,NBS,2006-12-31,https://data.stats.gov.cn/dg/website/page.html#/pc/national/fsYearData,year_end_resident_population
CN-HA,2007,93600000,NBS,2007-12-31,https://data.stats.gov.cn/dg/website/page.html#/pc/national/fsYearData,year_end_resident_population
CN-HA,2008,94290000,NBS,2008-12-31,https://data.stats.gov.cn/dg/website/page.html#/pc/national/fsYearData,year_end_resident_population
CN-HA,2009,94870000,NBS,2009-12-31,https://data.stats.gov.cn/dg/website/page.html#/pc/national/fsYearData,year_end_resident_population
CN-HA,2010,94050000,NBS,2010-12-31,https://data.stats.gov.cn/dg/website/page.html#/pc/national/fsYearData,year_end_resident_population
CN-HA,2011,94610000,NBS,2011-12-31,https://data.stats.gov.cn/dg/website/page.html#/pc/national/fsYearData,year_end_resident_population
CN-HA,2012,95320000,NBS,2012-12-31,https://data.stats.gov.cn/dg/website/page.html#/pc/national/fsYearData,year_end_resident_population
CN-HA,2013,95730000,NBS,2013-12-31,https://data.stats.gov.cn/dg/website/page.html#/pc/national/fsYearData,year_end_resident_population
CN-HA,2014,96450000,NBS,2014-12-31,https://data.stats.gov.cn/dg/website/page.html#/pc/national/fsYearData,year_end_resident_population
CN-HA,2015,97010000,NBS,2015-12-31,https://data.stats.gov.cn/dg/website/page.html#/pc/national/fsYearData,year_end_resident_population
CN-HA,2016,97780000,NBS,2016-12-31,https://data.stats.gov.cn/dg/website/page.html#/pc/national/fsYearData,year_end_resident_population
CN-HA,2017,98290000,NBS,2017-12-31,https://data.stats.gov.cn/dg/website/page.html#/pc/national/fsYearData,year_end_resident_population
CN-HA,2018,98640000,NBS,2018-12-31,https://data.stats.gov.cn/dg/website/page.html#/pc/national/fsYearData,year_end_resident_population
CN-HA,2019,99010000,NBS,2019-12-31,https://data.stats.gov.cn/dg/website/page.html#/pc/national/fsYearData,year_end_resident_population
CN-HA,2020,99410000,NBS,2020-12-31,https://data.stats.gov.cn/dg/website/page.html#/pc/national/fsYearData,year_end_resident_population
CN-HA,2021,98830000,NBS,2021-12-31,https://data.stats.gov.cn/dg/website/page.html#/pc/national/fsYearData,year_end_resident_population
CN-HA,2022,98720000,NBS,2022-12-31,https://data.stats.gov.cn/dg/website/page.html#/pc/national/fsYearData,year_end_resident_population
CN-HA,2023,98150000,NBS,2023-12-31,https://data.stats.gov.cn/dg/website/page.html#/pc/national/fsYearData,year_end_resident_population
CN-HA,2024,97850000,NBS,2024-12-31,https://data.stats.gov.cn/dg/website/page.html#/pc/national/fsYearData,year_end_resident_population
CN-HA,2025,97440000,NBS,2025-12-31,https://data.stats.gov.cn/dg/website/page.html#/pc/national/fsYearData,year_end_resident_population
CN-HB,2000,56460000,NBS,2000-12-31,https://data.stats.gov.cn/dg/website/page.html#/pc/national/fsYearData,year_end_resident_population
CN-HB,2001,56580000,NBS,2001-12-31,https://data.stats.gov.cn/dg/website/page.html#/pc/national/fsYearData,year_end_resident_population
CN-HB,2002,56720000,NBS,2002-12-31,https://data.stats.gov.cn/dg/website/page.html#/pc/national/fsYearData,year_end_resident_population
CN-HB,2003,56850000,NBS,2003-12-31,https://data.stats.gov.cn/dg/website/page.html#/pc/national/fsYearData,year_end_resident_population
CN-HB,2004,56980000,NBS,2004-12-31,https://data.stats.gov.cn/dg/website/page.html#/pc/national/fsYearData,year_end_resident_population
CN-HB,2005,57100000,NBS,2005-12-31,https://data.stats.gov.cn/dg/website/page.html#/pc/national/fsYearData,year_end_resident_population
CN-HB,2006,56930000,NBS,2006-12-31,https://data.stats.gov.cn/dg/website/page.html#/pc/national/fsYearData,year_end_resident_population
CN-HB,2007,56990000,NBS,2007-12-31,https://data.stats.gov.cn/dg/website/page.html#/pc/national/fsYearData,year_end_resident_population
CN-HB,2008,57110000,NBS,2008-12-31,https://data.stats.gov.cn/dg/website/page.html#/pc/national/fsYearData,year_end_resident_population
CN-HB,2009,57200000,NBS,2009-12-31,https://data.stats.gov.cn/dg/website/page.html#/pc/national/fsYearData,year_end_resident_population
CN-HB,2010,57280000,NBS,2010-12-31,https://data.stats.gov.cn/dg/website/page.html#/pc/national/fsYearData,year_end_resident_population
CN-HB,2011,57600000,NBS,2011-12-31,https://data.stats.gov.cn/dg/website/page.html#/pc/national/fsYearData,year_end_resident_population
CN-HB,2012,57810000,NBS,2012-12-31,https://data.stats.gov.cn/dg/website/page.html#/pc/national/fsYearData,year_end_resident_population
CN-HB,2013,57980000,NBS,2013-12-31,https://data.stats.gov.cn/dg/website/page.html#/pc/national/fsYearData,year_end_resident_population
CN-HB,2014,58160000,NBS,2014-12-31,https://data.stats.gov.cn/dg/website/page.html#/pc/national/fsYearData,year_end_resident_population
CN-HB,2015,58500000,NBS,2015-12-31,https://data.stats.gov.cn/dg/website/page.html#/pc/national/fsYearData,year_end_resident_population
CN-HB,2016,58850000,NBS,2016-12-31,https://data.stats.gov.cn/dg/website/page.html#/pc/national/fsYearData,year_end_resident_population
CN-HB,2017,59040000,NBS,2017-12-31,https://data.stats.gov.cn/dg/website/page.html#/pc/national/fsYearData,year_end_resident_population
CN-HB,2018,59170000,NBS,2018-12-31,https://data.stats.gov.cn/dg/website/page.html#/pc/national/fsYearData,year_end_resident_population
CN-HB,2019,59270000,NBS,2019-12-31,https://data.stats.gov.cn/dg/website/page.html#/pc/national/fsYearData,year_end_resident_population
CN-HB,2020,57450000,NBS,2020-12-31,https://data.stats.gov.cn/dg/website/page.html#/pc/national/fsYearData,year_end_resident_population
CN-HB,2021,58300000,NBS,2021-12-31,https://data.stats.gov.cn/dg/website/page.html#/pc/national/fsYearData,year_end_resident_population
CN-HB,2022,58440000,NBS,2022-12-31,https://data.stats.gov.cn/dg/website/page.html#/pc/national/fsYearData,year_end_resident_population
CN-HB,2023,58380000,NBS,2023-12-31,https://data.stats.gov.cn/dg/website/page.html#/pc/national/fsYearData,year_end_resident_population
CN-HB,2024,58340000,NBS,2024-12-31,https://data.stats.gov.cn/dg/website/page.html#/pc/national/fsYearData,year_end_resident_population
CN-HB,2025,58110000,NBS,2025-12-31,https://data.stats.gov.cn/dg/website/page.html#/pc/national/fsYearData,year_end_resident_population
CN-HE,2000,66740000,NBS,2000-12-31,https://data.stats.gov.cn/dg/website/page.html#/pc/national/fsYearData,year_end_resident_population
CN-HE,2001,66990000,NBS,2001-12-31,https://data.stats.gov.cn/dg/website/page.html#/pc/national/fsYearData,year_end_resident_population
CN-HE,2002,67350000,NBS,2002-12-31,https://data.stats.gov.cn/dg/website/page.html#/pc/national/fsYearData,year_end_resident_population
CN-HE,2003,67690000,NBS,2003-12-31,https://data.stats.gov.cn/dg/website/page.html#/pc/national/fsYearData,year_end_resident_population
CN-HE,2004,68090000,NBS,2004-12-31,https://data.stats.gov.cn/dg/website/page.html#/pc/national/fsYearData,year_end_resident_population
CN-HE,2005,68510000,NBS,2005-12-31,https://data.stats.gov.cn/dg/website/page.html#/pc/national/fsYearData,year_end_resident_population
CN-HE,2006,68980000,NBS,2006-12-31,https://data.stats.gov.cn/dg/website/page.html#/pc/national/fsYearData,year_end_resident_population
CN-HE,2007,69430000,NBS,2007-12-31,https://data.stats.gov.cn/dg/website/page.html#/pc/national/fsYearData,year_end_resident_population
CN-HE,2008,69890000,NBS,2008-12-31,https://data.stats.gov.cn/dg/website/page.html#/pc/national/fsYearData,year_end_resident_population
CN-HE,2009,70340000,NBS,2009-12-31,https://data.stats.gov.cn/dg/website/page.html#/pc/national/fsYearData,year_end_resident_population
CN-HE,2010,71940000,NBS,2010-12-31,https://data.stats.gov.cn/dg/website/page.html#/pc/national/fsYearData,year_end_resident_population
CN-HE,2011,72320000,NBS,2011-12-31,https://data.stats.gov.cn/dg/website/page.html#/pc/national/fsYearData,year_end_resident_population
CN-HE,2012,72620000,NBS,2012-12-31,https://data.stats.gov.cn/dg/website/page.html#/pc/national/fsYearData,year_end_resident_population
CN-HE,2013,72880000,NBS,2013-12-31,https://data.stats.gov.cn/dg/website/page.html#/pc/national/fsYearData,year_end_resident_population
CN-HE,2014,73230000,NBS,2014-12-31,https://data.stats.gov.cn/dg/website/page.html#/pc/national/fsYearData,year_end_resident_population
CN-HE,2015,73450000,NBS,2015-12-31,https://data.stats.gov.cn/dg/website/page.html#/pc/national/fsYearData,year_end_resident_population
CN-HE,2016,73750000,NBS,2016-12-31,https://data.stats.gov.cn/dg/website/page.html#/pc/national/fsYearData,year_end_resident_population
CN-HE,2017,74090000,NBS,2017-12-31,https://data.stats.gov.cn/dg/website/page.html#/pc/national/fsYearData,year_end_resident_population
CN-HE,2018,74260000,NBS,2018-12-31,https://data.stats.gov.cn/dg/website/page.html#/pc/national/fsYearData,year_end_resident_population
CN-HE,2019,74470000,NBS,2019-12-31,https://data.stats.gov.cn/dg/website/page.html#/pc/national/fsYearData,year_end_resident_population
CN-HE,2020,74640000,NBS,2020-12-31,https://data.stats.gov.cn/dg/website/page.html#/pc/national/fsYearData,year_end_resident_population
CN-HE,2021,74480000,NBS,2021-12-31,https://data.stats.gov.cn/dg/website/page.html#/pc/national/fsYearData,year_end_resident_population
CN-HE,2022,74200000,NBS,2022-12-31,https://data.stats.gov.cn/dg/website/page.html#/pc/national/fsYearData,year_end_resident_population
CN-HE,2023,73930000,NBS,2023-12-31,https://data.stats.gov.cn/dg/website/page.html#/pc/national/fsYearData,year_end_resident_population
CN-HE,2024,73780000,NBS,2024-12-31,https://data.stats.gov.cn/dg/website/page.html#/pc/national/fsYearData,year_end_resident_population
CN-HE,2025,73540000,NBS,2025-12-31,https://data.stats.gov.cn/dg/website/page.html#/pc/national/fsYearData,year_end_resident_population
CN-HI,2000,7890000,NBS,2000-12-31,https://data.stats.gov.cn/dg/website/page.html#/pc/national/fsYearData,year_end_resident_population
CN-HI,2001,7960000,NBS,2001-12-31,https://data.stats.gov.cn/dg/website/page.html#/pc/national/fsYearData,year_end_resident_population
CN-HI,2002,8030000,NBS,2002-12-31,https://data.stats.gov.cn/dg/website/page.html#/pc/national/fsYearData,year_end_resident_population
CN-HI,2003,8110000,NBS,2003-12-31,https://data.stats.gov.cn/dg/website/page.html#/pc/national/fsYearData,year_end_resident_population
CN-HI,2004,8180000,NBS,2004-12-31,https://data.stats.gov.cn/dg/website/page.html#/pc/national/fsYearData,year_end_resident_population
CN-HI,2005,8280000,NBS,2005-12-31,https://data.stats.gov.cn/dg/website/page.html#/pc/national/fsYearData,year_end_resident_population
CN-HI,2006,8360000,NBS,2006-12-31,https://data.stats.gov.cn/dg/website/page.html#/pc/national/fsYearData,year_end_resident_population
CN-HI,2007,8450000,NBS,2007-12-31,https://data.stats.gov.cn/dg/website/page.html#/pc/national/fsYearData,year_end_resident_population
CN-HI,2008,8540000,NBS,2008-12-31,https://data.stats.gov.cn/dg/website/page.html#/pc/national/fsYearData,year_end_resident_population
CN-HI,2009,8640000,NBS,2009-12-31,https://data.stats.gov.cn/dg/website/page.html#/pc/national/fsYearData,year_end_resident_population
CN-HI,2010,8690000,NBS,2010-12-31,https://data.stats.gov.cn/dg/website/page.html#/pc/national/fsYearData,year_end_resident_population
CN-HI,2011,8900000,NBS,2011-12-31,https://data.stats.gov.cn/dg/website/page.html#/pc/national/fsYearData,year_end_resident_population
CN-HI,2012,9100000,NBS,2012-12-31,https://data.stats.gov.cn/dg/website/page.html#/pc/national/fsYearData,year_end_resident_population
CN-HI,2013,9200000,NBS,2013-12-31,https://data.stats.gov.cn/dg/website/page.html#/pc/national/fsYearData,year_end_resident_population
CN-HI,2014,9360000,NBS,2014-12-31,https://data.stats.gov.cn/dg/website/page.html#/pc/national/fsYearData,year_end_resident_population
CN-HI,2015,9450000,NBS,2015-12-31,https://data.stats.gov.cn/dg/website/page.html#/pc/national/fsYearData,year_end_resident_population
CN-HI,2016,9570000,NBS,2016-12-31,https://data.stats.gov.cn/dg/website/page.html#/pc/national/fsYearData,year_end_resident_population
CN-HI,2017,9720000,NBS,2017-12-31,https://data.stats.gov.cn/dg/website/page.html#/pc/national/fsYearData,year_end_resident_population
CN-HI,2018,9820000,NBS,2018-12-31,https://data.stats.gov.cn/dg/website/page.html#/pc/national/fsYearData,year_end_resident_population
CN-HI,2019,9950000,NBS,2019-12-31,https://data.stats.gov.cn/dg/website/page.html#/pc/national/fsYearData,year_end_resident_population
CN-HI,2020,10120000,NBS,2020-12-31,https://data.stats.gov.cn/dg/website/page.html#/pc/national/fsYearData,year_end_resident_population
CN-HI,2021,10200000,NBS,2021-12-31,https://data.stats.gov.cn/dg/website/page.html#/pc/national/fsYearData,year_end_resident_population
CN-HI,2022,10270000,NBS,2022-12-31,https://data.stats.gov.cn/dg/website/page.html#/pc/national/fsYearData,year_end_resident_population
CN-HI,2023,10430000,NBS,2023-12-31,https://data.stats.gov.cn/dg/website/page.html#/pc/national/fsYearData,year_end_resident_population
CN-HI,2024,10480000,NBS,2024-12-31,https://data.stats.gov.cn/dg/website/page.html#/pc/national/fsYearData,year_end_resident_population
CN-HI,2025,10550000,NBS,2025-12-31,https://data.stats.gov.cn/dg/website/page.html#/pc/national/fsYearData,year_end_resident_population
CN-HL,2000,38070000,NBS,2000-12-31,https://data.stats.gov.cn/dg/website/page.html#/pc/national/fsYearData,year_end_resident_population
CN-HL,2001,38110000,NBS,2001-12-31,https://data.stats.gov.cn/dg/website/page.html#/pc/national/fsYearData,year_end_resident_population
CN-HL,2002,38130000,NBS,2002-12-31,https://data.stats.gov.cn/dg/website/page.html#/pc/national/fsYearData,year_end_resident_population
CN-HL,2003,38150000,NBS,2003-12-31,https://data.stats.gov.cn/dg/website/page.html#/pc/national/fsYearData,year_end_resident_population
CN-HL,2004,38170000,NBS,2004-12-31,https://data.stats.gov.cn/dg/website/page.html#/pc/national/fsYearData,year_end_resident_population
CN-HL,2005,38200000,NBS,2005-12-31,https://data.stats.gov.cn/dg/website/page.html#/pc/national/fsYearData,year_end_resident_population
CN-HL,2006,38230000,NBS,2006-12-31,https://data.stats.gov.cn/dg/website/page.html#/pc/national/fsYearData,year_end_resident_population
CN-HL,2007,38240000,NBS,2007-12-31,https://data.stats.gov.cn/dg/website/page.html#/pc/national/fsYearData,year_end_resident_population
CN-HL,2008,38250000,NBS,2008-12-31,https://data.stats.gov.cn/dg/website/page.html#/pc/national/fsYearData,year_end_resident_population
CN-HL,2009,38260000,NBS,2009-12-31,https://data.stats.gov.cn/dg/website/page.html#/pc/national/fsYearData,year_end_resident_population
CN-HL,2010,38330000,NBS,2010-12-31,https://data.stats.gov.cn/dg/website/page.html#/pc/national/fsYearData,year_end_resident_population
CN-HL,2011,37820000,NBS,2011-12-31,https://data.stats.gov.cn/dg/website/page.html#/pc/national/fsYearData,year_end_resident_population
CN-HL,2012,37240000,NBS,2012-12-31,https://data.stats.gov.cn/dg/website/page.html#/pc/national/fsYearData,year_end_resident_population
CN-HL,2013,36660000,NBS,2013-12-31,https://data.stats.gov.cn/dg/website/page.html#/pc/national/fsYearData,year_end_resident_population
CN-HL,2014,36080000,NBS,2014-12-31,https://data.stats.gov.cn/dg/website/page.html#/pc/national/fsYearData,year_end_resident_population
CN-HL,2015,35290000,NBS,2015-12-31,https://data.stats.gov.cn/dg/website/page.html#/pc/national/fsYearData,year_end_resident_population
CN-HL,2016,34630000,NBS,2016-12-31,https://data.stats.gov.cn/dg/website/page.html#/pc/national/fsYearData,year_end_resident_population
CN-HL,2017,33990000,NBS,2017-12-31,https://data.stats.gov.cn/dg/website/page.html#/pc/national/fsYearData,year_end_resident_population
CN-HL,2018,33270000,NBS,2018-12-31,https://data.stats.gov.cn/dg/website/page.html#/pc/national/fsYearData,year_end_resident_population
CN-HL,2019,32550000,NBS,2019-12-31,https://data.stats.gov.cn/dg/website/page.html#/pc/national/fsYearData,year_end_resident_population
CN-HL,2020,31710000,NBS,2020-12-31,https://data.stats.gov.cn/dg/website/page.html#/pc/national/fsYearData,year_end_resident_population
CN-HL,2021,31250000,NBS,2021-12-31,https://data.stats.gov.cn/dg/website/page.html#/pc/national/fsYearData,year_end_resident_population
CN-HL,2022,30990000,NBS,2022-12-31,https://data.stats.gov.cn/dg/website/page.html#/pc/national/fsYearData,year_end_resident_population
CN-HL,2023,30620000,NBS,2023-12-31,https://data.stats.gov.cn/dg/website/page.html#/pc/national/fsYearData,year_end_resident_population
CN-HL,2024,30290000,NBS,2024-12-31,https://data.stats.gov.cn/dg/website/page.html#/pc/national/fsYearData,year_end_resident_population
CN-HL,2025,30010000,NBS,2025-12-31,https://data.stats.gov.cn/dg/website/page.html#/pc/national/fsYearData,year_end_resident_population
CN-HN,2000,65620000,NBS,2000-12-31,https://data.stats.gov.cn/dg/website/page.html#/pc/national/fsYearData,year_end_resident_population
CN-HN,2001,65960000,NBS,2001-12-31,https://data.stats.gov.cn/dg/website/page.html#/pc/national/fsYearData,year_end_resident_population
CN-HN,2002,66290000,NBS,2002-12-31,https://data.stats.gov.cn/dg/website/page.html#/pc/national/fsYearData,year_end_resident_population
CN-HN,2003,66630000,NBS,2003-12-31,https://data.stats.gov.cn/dg/website/page.html#/pc/national/fsYearData,year_end_resident_population
CN-HN,2004,66980000,NBS,2004-12-31,https://data.stats.gov.cn/dg/website/page.html#/pc/national/fsYearData,year_end_resident_population
CN-HN,2005,63260000,NBS,2005-12-31,https://data.stats.gov.cn/dg/website/page.html#/pc/national/fsYearData,year_end_resident_population
CN-HN,2006,63420000,NBS,2006-12-31,https://data.stats.gov.cn/dg/website/page.html#/pc/national/fsYearData,year_end_resident_population
CN-HN,2007,63550000,NBS,2007-12-31,https://data.stats.gov.cn/dg/website/page.html#/pc/national/fsYearData,year_end_resident_population
CN-HN,2008,63800000,NBS,2008-12-31,https://data.stats.gov.cn/dg/website/page.html#/pc/national/fsYearData,year_end_resident_population
CN-HN,2009,64060000,NBS,2009-12-31,https://data.stats.gov.cn/dg/website/page.html#/pc/national/fsYearData,year_end_resident_population
CN-HN,2010,65700000,NBS,2010-12-31,https://data.stats.gov.cn/dg/website/page.html#/pc/national/fsYearData,year_end_resident_population
CN-HN,2011,65810000,NBS,2011-12-31,https://data.stats.gov.cn/dg/website/page.html#/pc/national/fsYearData,year_end_resident_population
CN-HN,2012,65900000,NBS,2012-12-31,https://data.stats.gov.cn/dg/website/page.html#/pc/national/fsYearData,year_end_resident_population
CN-HN,2013,66000000,NBS,2013-12-31,https://data.stats.gov.cn/dg/website/page.html#/pc/national/fsYearData,year_end_resident_population
CN-HN,2014,66110000,NBS,2014-12-31,https://data.stats.gov.cn/dg/website/page.html#/pc/national/fsYearData,year_end_resident_population
CN-HN,2015,66150000,NBS,2015-12-31,https://data.stats.gov.cn/dg/website/page.html#/pc/national/fsYearData,year_end_resident_population
CN-HN,2016,66250000,NBS,2016-12-31,https://data.stats.gov.cn/dg/website/page.html#/pc/national/fsYearData,year_end_resident_population
CN-HN,2017,66330000,NBS,2017-12-31,https://data.stats.gov.cn/dg/website/page.html#/pc/national/fsYearData,year_end_resident_population
CN-HN,2018,66350000,NBS,2018-12-31,https://data.stats.gov.cn/dg/website/page.html#/pc/national/fsYearData,year_end_resident_population
CN-HN,2019,66400000,NBS,2019-12-31,https://data.stats.gov.cn/dg/website/page.html#/pc/national/fsYearData,year_end_resident_population
CN-HN,2020,66450000,NBS,2020-12-31,https://data.stats.gov.cn/dg/website/page.html#/pc/national/fsYearData,year_end_resident_population
CN-HN,2021,66220000,NBS,2021-12-31,https://data.stats.gov.cn/dg/website/page.html#/pc/national/fsYearData,year_end_resident_population
CN-HN,2022,66040000,NBS,2022-12-31,https://data.stats.gov.cn/dg/website/page.html#/pc/national/fsYearData,year_end_resident_population
CN-HN,2023,65680000,NBS,2023-12-31,https://data.stats.gov.cn/dg/website/page.html#/pc/national/fsYearData,year_end_resident_population
CN-HN,2024,65390000,NBS,2024-12-31,https://data.stats.gov.cn/dg/website/page.html#/pc/national/fsYearData,year_end_resident_population
CN-HN,2025,64920000,NBS,2025-12-31,https://data.stats.gov.cn/dg/website/page.html#/pc/national/fsYearData,year_end_resident_population
CN-JL,2000,26820000,NBS,2000-12-31,https://data.stats.gov.cn/dg/website/page.html#/pc/national/fsYearData,year_end_resident_population
CN-JL,2001,26910000,NBS,2001-12-31,https://data.stats.gov.cn/dg/website/page.html#/pc/national/fsYearData,year_end_resident_population
CN-JL,2002,26990000,NBS,2002-12-31,https://data.stats.gov.cn/dg/website/page.html#/pc/national/fsYearData,year_end_resident_population
CN-JL,2003,27040000,NBS,2003-12-31,https://data.stats.gov.cn/dg/website/page.html#/pc/national/fsYearData,year_end_resident_population
CN-JL,2004,27090000,NBS,2004-12-31,https://data.stats.gov.cn/dg/website/page.html#/pc/national/fsYearData,year_end_resident_population
CN-JL,2005,27160000,NBS,2005-12-31,https://data.stats.gov.cn/dg/website/page.html#/pc/national/fsYearData,year_end_resident_population
CN-JL,2006,27230000,NBS,2006-12-31,https://data.stats.gov.cn/dg/website/page.html#/pc/national/fsYearData,year_end_resident_population
CN-JL,2007,27300000,NBS,2007-12-31,https://data.stats.gov.cn/dg/website/page.html#/pc/national/fsYearData,year_end_resident_population
CN-JL,2008,27340000,NBS,2008-12-31,https://data.stats.gov.cn/dg/website/page.html#/pc/national/fsYearData,year_end_resident_population
CN-JL,2009,27400000,NBS,2009-12-31,https://data.stats.gov.cn/dg/website/page.html#/pc/national/fsYearData,year_end_resident_population
CN-JL,2010,27470000,NBS,2010-12-31,https://data.stats.gov.cn/dg/website/page.html#/pc/national/fsYearData,year_end_resident_population
CN-JL,2011,27250000,NBS,2011-12-31,https://data.stats.gov.cn/dg/website/page.html#/pc/national/fsYearData,year_end_resident_population
CN-JL,2012,26980000,NBS,2012-12-31,https://data.stats.gov.cn/dg/website/page.html#/pc/national/fsYearData,year_end_resident_population
CN-JL,2013,26680000,NBS,2013-12-31,https://data.stats.gov.cn/dg/website/page.html#/pc/national/fsYearData,year_end_resident_population
CN-JL,2014,26420000,NBS,2014-12-31,https://data.stats.gov.cn/dg/website/page.html#/pc/national/fsYearData,year_end_resident_population
CN-JL,2015,26130000,NBS,2015-12-31,https://data.stats.gov.cn/dg/website/page.html#/pc/national/fsYearData,year_end_resident_population
CN-JL,2016,25670000,NBS,2016-12-31,https://data.stats.gov.cn/dg/website/page.html#/pc/national/fsYearData,year_end_resident_population
CN-JL,2017,25260000,NBS,2017-12-31,https://data.stats.gov.cn/dg/website/page.html#/pc/national/fsYearData,year_end_resident_population
CN-JL,2018,24840000,NBS,2018-12-31,https://data.stats.gov.cn/dg/website/page.html#/pc/national/fsYearData,year_end_resident_population
CN-JL,2019,24480000,NBS,2019-12-31,https://data.stats.gov.cn/dg/website/page.html#/pc/national/fsYearData,year_end_resident_population
CN-JL,2020,23990000,NBS,2020-12-31,https://data.stats.gov.cn/dg/website/page.html#/pc/national/fsYearData,year_end_resident_population
CN-JL,2021,23750000,NBS,2021-12-31,https://data.stats.gov.cn/dg/website/page.html#/pc/national/fsYearData,year_end_resident_population
CN-JL,2022,23480000,NBS,2022-12-31,https://data.stats.gov.cn/dg/website/page.html#/pc/national/fsYearData,year_end_resident_population
CN-JL,2023,23390000,NBS,2023-12-31,https://data.stats.gov.cn/dg/website/page.html#/pc/national/fsYearData,year_end_resident_population
CN-JL,2024,23170000,NBS,2024-12-31,https://data.stats.gov.cn/dg/website/page.html#/pc/national/fsYearData,year_end_resident_population
CN-JL,2025,22970000,NBS,2025-12-31,https://data.stats.gov.cn/dg/website/page.html#/pc/national/fsYearData,year_end_resident_population
CN-JS,2000,73270000,NBS,2000-12-31,https://data.stats.gov.cn/dg/website/page.html#/pc/national/fsYearData,year_end_resident_population
CN-JS,2001,73590000,NBS,2001-12-31,https://data.stats.gov.cn/dg/website/page.html#/pc/national/fsYearData,year_end_resident_population
CN-JS,2002,74060000,NBS,2002-12-31,https://data.stats.gov.cn/dg/website/page.html#/pc/national/fsYearData,year_end_resident_population
CN-JS,2003,74580000,NBS,2003-12-31,https://data.stats.gov.cn/dg/website/page.html#/pc/national/fsYearData,year_end_resident_population
CN-JS,2004,75230000,NBS,2004-12-31,https://data.stats.gov.cn/dg/website/page.html#/pc/national/fsYearData,year_end_resident_population
CN-JS,2005,75880000,NBS,2005-12-31,https://data.stats.gov.cn/dg/website/page.html#/pc/national/fsYearData,year_end_resident_population
CN-JS,2006,76560000,NBS,2006-12-31,https://data.stats.gov.cn/dg/website/page.html#/pc/national/fsYearData,year_end_resident_population
CN-JS,2007,77230000,NBS,2007-12-31,https://data.stats.gov.cn/dg/website/page.html#/pc/national/fsYearData,year_end_resident_population
CN-JS,2008,77620000,NBS,2008-12-31,https://data.stats.gov.cn/dg/website/page.html#/pc/national/fsYearData,year_end_resident_population
CN-JS,2009,78100000,NBS,2009-12-31,https://data.stats.gov.cn/dg/website/page.html#/pc/national/fsYearData,year_end_resident_population
CN-JS,2010,78690000,NBS,2010-12-31,https://data.stats.gov.cn/dg/website/page.html#/pc/national/fsYearData,year_end_resident_population
CN-JS,2011,80230000,NBS,2011-12-31,https://data.stats.gov.cn/dg/website/page.html#/pc/national/fsYearData,year_end_resident_population
CN-JS,2012,81200000,NBS,2012-12-31,https://data.stats.gov.cn/dg/website/page.html#/pc/national/fsYearData,year_end_resident_population
CN-JS,2013,81920000,NBS,2013-12-31,https://data.stats.gov.cn/dg/website/page.html#/pc/national/fsYearData,year_end_resident_population
CN-JS,2014,82810000,NBS,2014-12-31,https://data.stats.gov.cn/dg/website/page.html#/pc/national/fsYearData,year_end_resident_population
CN-JS,2015,83150000,NBS,2015-12-31,https://data.stats.gov.cn/dg/website/page.html#/pc/national/fsYearData,year_end_resident_population
CN-JS,2016,83810000,NBS,2016-12-31,https://data.stats.gov.cn/dg/website/page.html#/pc/national/fsYearData,year_end_resident_population
CN-JS,2017,84230000,NBS,2017-12-31,https://data.stats.gov.cn/dg/website/page.html#/pc/national/fsYearData,year_end_resident_population
CN-JS,2018,84460000,NBS,2018-12-31,https://data.stats.gov.cn/dg/website/page.html#/pc/national/fsYearData,year_end_resident_population
CN-JS,2019,84690000,NBS,2019-12-31,https://data.stats.gov.cn/dg/website/page.html#/pc/national/fsYearData,year_end_resident_population
CN-JS,2020,84770000,NBS,2020-12-31,https://data.stats.gov.cn/dg/website/page.html#/pc/national/fsYearData,year_end_resident_population
CN-JS,2021,85050000,NBS,2021-12-31,https://data.stats.gov.cn/dg/website/page.html#/pc/national/fsYearData,year_end_resident_population
CN-JS,2022,85150000,NBS,2022-12-31,https://data.stats.gov.cn/dg/website/page.html#/pc/national/fsYearData,year_end_resident_population
CN-JS,2023,85260000,NBS,2023-12-31,https://data.stats.gov.cn/dg/website/page.html#/pc/national/fsYearData,year_end_resident_population
CN-JS,2024,85260000,NBS,2024-12-31,https://data.stats.gov.cn/dg/website/page.html#/pc/national/fsYearData,year_end_resident_population
CN-JS,2025,85180000,NBS,2025-12-31,https://data.stats.gov.cn/dg/website/page.html#/pc/national/fsYearData,year_end_resident_population
CN-JX,2000,41490000,NBS,2000-12-31,https://data.stats.gov.cn/dg/website/page.html#/pc/national/fsYearData,year_end_resident_population
CN-JX,2001,41860000,NBS,2001-12-31,https://data.stats.gov.cn/dg/website/page.html#/pc/national/fsYearData,year_end_resident_population
CN-JX,2002,42220000,NBS,2002-12-31,https://data.stats.gov.cn/dg/website/page.html#/pc/national/fsYearData,year_end_resident_population
CN-JX,2003,42540000,NBS,2003-12-31,https://data.stats.gov.cn/dg/website/page.html#/pc/national/fsYearData,year_end_resident_population
CN-JX,2004,42840000,NBS,2004-12-31,https://data.stats.gov.cn/dg/website/page.html#/pc/national/fsYearData,year_end_resident_population
CN-JX,2005,43110000,NBS,2005-12-31,https://data.stats.gov.cn/dg/website/page.html#/pc/national/fsYearData,year_end_resident_population
CN-JX,2006,43390000,NBS,2006-12-31,https://data.stats.gov.cn/dg/website/page.html#/pc/national/fsYearData,year_end_resident_population
CN-JX,2007,43680000,NBS,2007-12-31,https://data.stats.gov.cn/dg/website/page.html#/pc/national/fsYearData,year_end_resident_population
CN-JX,2008,44000000,NBS,2008-12-31,https://data.stats.gov.cn/dg/website/page.html#/pc/national/fsYearData,year_end_resident_population
CN-JX,2009,44320000,NBS,2009-12-31,https://data.stats.gov.cn/dg/website/page.html#/pc/national/fsYearData,year_end_resident_population
CN-JX,2010,44620000,NBS,2010-12-31,https://data.stats.gov.cn/dg/website/page.html#/pc/national/fsYearData,year_end_resident_population
CN-JX,2011,44740000,NBS,2011-12-31,https://data.stats.gov.cn/dg/website/page.html#/pc/national/fsYearData,year_end_resident_population
CN-JX,2012,44750000,NBS,2012-12-31,https://data.stats.gov.cn/dg/website/page.html#/pc/national/fsYearData,year_end_resident_population
CN-JX,2013,44760000,NBS,2013-12-31,https://data.stats.gov.cn/dg/website/page.html#/pc/national/fsYearData,year_end_resident_population
CN-JX,2014,44800000,NBS,2014-12-31,https://data.stats.gov.cn/dg/website/page.html#/pc/national/fsYearData,year_end_resident_population
CN-JX,2015,44850000,NBS,2015-12-31,https://data.stats.gov.cn/dg/website/page.html#/pc/national/fsYearData,year_end_resident_population
CN-JX,2016,44960000,NBS,2016-12-31,https://data.stats.gov.cn/dg/website/page.html#/pc/national/fsYearData,year_end_resident_population
CN-JX,2017,45110000,NBS,2017-12-31,https://data.stats.gov.cn/dg/website/page.html#/pc/national/fsYearData,year_end_resident_population
CN-JX,2018,45130000,NBS,2018-12-31,https://data.stats.gov.cn/dg/website/page.html#/pc/national/fsYearData,year_end_resident_population
CN-JX,2019,45160000,NBS,2019-12-31,https://data.stats.gov.cn/dg/website/page.html#/pc/national/fsYearData,year_end_resident_population
CN-JX,2020,45190000,NBS,2020-12-31,https://data.stats.gov.cn/dg/website/page.html#/pc/national/fsYearData,year_end_resident_population
CN-JX,2021,45170000,NBS,2021-12-31,https://data.stats.gov.cn/dg/website/page.html#/pc/national/fsYearData,year_end_resident_population
CN-JX,2022,45280000,NBS,2022-12-31,https://data.stats.gov.cn/dg/website/page.html#/pc/national/fsYearData,year_end_resident_population
CN-JX,2023,45150000,NBS,2023-12-31,https://data.stats.gov.cn/dg/website/page.html#/pc/national/fsYearData,year_end_resident_population
CN-JX,2024,45020000,NBS,2024-12-31,https://data.stats.gov.cn/dg/website/page.html#/pc/national/fsYearData,year_end_resident_population
CN-JX,2025,44740000,NBS,2025-12-31,https://data.stats.gov.cn/dg/website/page.html#/pc/national/fsYearData,year_end_resident_population
CN-LN,2000,41840000,NBS,2000-12-31,https://data.stats.gov.cn/dg/website/page.html#/pc/national/fsYearData,year_end_resident_population
CN-LN,2001,41940000,NBS,2001-12-31,https://data.stats.gov.cn/dg/website/page.html#/pc/national/fsYearData,year_end_resident_population
CN-LN,2002,42030000,NBS,2002-12-31,https://data.stats.gov.cn/dg/website/page.html#/pc/national/fsYearData,year_end_resident_population
CN-LN,2003,42100000,NBS,2003-12-31,https://data.stats.gov.cn/dg/website/page.html#/pc/national/fsYearData,year_end_resident_population
CN-LN,2004,42170000,NBS,2004-12-31,https://data.stats.gov.cn/dg/website/page.html#/pc/national/fsYearData,year_end_resident_population
CN-LN,2005,42210000,NBS,2005-12-31,https://data.stats.gov.cn/dg/website/page.html#/pc/national/fsYearData,year_end_resident_population
CN-LN,2006,42710000,NBS,2006-12-31,https://data.stats.gov.cn/dg/website/page.html#/pc/national/fsYearData,year_end_resident_population
CN-LN,2007,42980000,NBS,2007-12-31,https://data.stats.gov.cn/dg/website/page.html#/pc/national/fsYearData,year_end_resident_population
CN-LN,2008,43150000,NBS,2008-12-31,https://data.stats.gov.cn/dg/website/page.html#/pc/national/fsYearData,year_end_resident_population
CN-LN,2009,43410000,NBS,2009-12-31,https://data.stats.gov.cn/dg/website/page.html#/pc/national/fsYearData,year_end_resident_population
CN-LN,2010,43750000,NBS,2010-12-31,https://data.stats.gov.cn/dg/website/page.html#/pc/national/fsYearData,year_end_resident_population
CN-LN,2011,43790000,NBS,2011-12-31,https://data.stats.gov.cn/dg/website/page.html#/pc/national/fsYearData,year_end_resident_population
CN-LN,2012,43750000,NBS,2012-12-31,https://data.stats.gov.cn/dg/website/page.html#/pc/national/fsYearData,year_end_resident_population
CN-LN,2013,43650000,NBS,2013-12-31,https://data.stats.gov.cn/dg/website/page.html#/pc/national/fsYearData,year_end_resident_population
CN-LN,2014,43580000,NBS,2014-12-31,https://data.stats.gov.cn/dg/website/page.html#/pc/national/fsYearData,year_end_resident_population
CN-LN,2015,43380000,NBS,2015-12-31,https://data.stats.gov.cn/dg/website/page.html#/pc/national/fsYearData,year_end_resident_population
CN-LN,2016,43270000,NBS,2016-12-31,https://data.stats.gov.cn/dg/website/page.html#/pc/national/fsYearData,year_end_resident_population
CN-LN,2017,43120000,NBS,2017-12-31,https://data.stats.gov.cn/dg/website/page.html#/pc/national/fsYearData,year_end_resident_population
CN-LN,2018,42910000,NBS,2018-12-31,https://data.stats.gov.cn/dg/website/page.html#/pc/national/fsYearData,year_end_resident_population
CN-LN,2019,42770000,NBS,2019-12-31,https://data.stats.gov.cn/dg/website/page.html#/pc/national/fsYearData,year_end_resident_population
CN-LN,2020,42550000,NBS,2020-12-31,https://data.stats.gov.cn/dg/website/page.html#/pc/national/fsYearData,year_end_resident_population
CN-LN,2021,42290000,NBS,2021-12-31,https://data.stats.gov.cn/dg/website/page.html#/pc/national/fsYearData,year_end_resident_population
CN-LN,2022,41970000,NBS,2022-12-31,https://data.stats.gov.cn/dg/website/page.html#/pc/national/fsYearData,year_end_resident_population
CN-LN,2023,41820000,NBS,2023-12-31,https://data.stats.gov.cn/dg/website/page.html#/pc/national/fsYearData,year_end_resident_population
CN-LN,2024,41550000,NBS,2024-12-31,https://data.stats.gov.cn/dg/website/page.html#/pc/national/fsYearData,year_end_resident_population
CN-LN,2025,41310000,NBS,2025-12-31,https://data.stats.gov.cn/dg/website/page.html#/pc/national/fsYearData,year_end_resident_population
CN-NM,2000,23720000,NBS,2000-12-31,https://data.stats.gov.cn/dg/website/page.html#/pc/national/fsYearData,year_end_resident_population
CN-NM,2001,23810000,NBS,2001-12-31,https://data.stats.gov.cn/dg/website/page.html#/pc/national/fsYearData,year_end_resident_population
CN-NM,2002,23840000,NBS,2002-12-31,https://data.stats.gov.cn/dg/website/page.html#/pc/national/fsYearData,year_end_resident_population
CN-NM,2003,23860000,NBS,2003-12-31,https://data.stats.gov.cn/dg/website/page.html#/pc/national/fsYearData,year_end_resident_population
CN-NM,2004,23930000,NBS,2004-12-31,https://data.stats.gov.cn/dg/website/page.html#/pc/national/fsYearData,year_end_resident_population
CN-NM,2005,24030000,NBS,2005-12-31,https://data.stats.gov.cn/dg/website/page.html#/pc/national/fsYearData,year_end_resident_population
CN-NM,2006,24150000,NBS,2006-12-31,https://data.stats.gov.cn/dg/website/page.html#/pc/national/fsYearData,year_end_resident_population
CN-NM,2007,24290000,NBS,2007-12-31,https://data.stats.gov.cn/dg/website/page.html#/pc/national/fsYearData,year_end_resident_population
CN-NM,2008,24440000,NBS,2008-12-31,https://data.stats.gov.cn/dg/website/page.html#/pc/national/fsYearData,year_end_resident_population
CN-NM,2009,24580000,NBS,2009-12-31,https://data.stats.gov.cn/dg/website/page.html#/pc/national/fsYearData,year_end_resident_population
CN-NM,2010,24720000,NBS,2010-12-31,https://data.stats.gov.cn/dg/website/page.html#/pc/national/fsYearData,year_end_resident_population
CN-NM,2011,24700000,NBS,2011-12-31,https://data.stats.gov.cn/dg/website/page.html#/pc/national/fsYearData,year_end_resident_population
CN-NM,2012,24640000,NBS,2012-12-31,https://data.stats.gov.cn/dg/website/page.html#/pc/national/fsYearData,year_end_resident_population
CN-NM,2013,24550000,NBS,2013-12-31,https://data.stats.gov.cn/dg/website/page.html#/pc/national/fsYearData,year_end_resident_population
CN-NM,2014,24490000,NBS,2014-12-31,https://data.stats.gov.cn/dg/website/page.html#/pc/national/fsYearData,year_end_resident_population
CN-NM,2015,24400000,NBS,2015-12-31,https://data.stats.gov.cn/dg/website/page.html#/pc/national/fsYearData,year_end_resident_population
CN-NM,2016,24360000,NBS,2016-12-31,https://data.stats.gov.cn/dg/website/page.html#/pc/national/fsYearData,year_end_resident_population
CN-NM,2017,24330000,NBS,2017-12-31,https://data.stats.gov.cn/dg/website/page.html#/pc/national/fsYearData,year_end_resident_population
CN-NM,2018,24220000,NBS,2018-12-31,https://data.stats.gov.cn/dg/website/page.html#/pc/national/fsYearData,year_end_resident_population
CN-NM,2019,24150000,NBS,2019-12-31,https://data.stats.gov.cn/dg/website/page.html#/pc/national/fsYearData,year_end_resident_population
CN-NM,2020,24030000,NBS,2020-12-31,https://data.stats.gov.cn/dg/website/page.html#/pc/national/fsYearData,year_end_resident_population
CN-NM,2021,24000000,NBS,2021-12-31,https://data.stats.gov.cn/dg/website/page.html#/pc/national/fsYearData,year_end_resident_population
CN-NM,2022,24010000,NBS,2022-12-31,https://data.stats.gov.cn/dg/website/page.html#/pc/national/fsYearData,year_end_resident_population
CN-NM,2023,23960000,NBS,2023-12-31,https://data.stats.gov.cn/dg/website/page.html#/pc/national/fsYearData,year_end_resident_population
CN-NM,2024,23880000,NBS,2024-12-31,https://data.stats.gov.cn/dg/website/page.html#/pc/national/fsYearData,year_end_resident_population
CN-NM,2025,23740000,NBS,2025-12-31,https://data.stats.gov.cn/dg/website/page.html#/pc/national/fsYearData,year_end_resident_population
CN-NX,2000,5540000,NBS,2000-12-31,https://data.stats.gov.cn/dg/website/page.html#/pc/national/fsYearData,year_end_resident_population
CN-NX,2001,5630000,NBS,2001-12-31,https://data.stats.gov.cn/dg/website/page.html#/pc/national/fsYearData,year_end_resident_population
CN-NX,2002,5720000,NBS,2002-12-31,https://data.stats.gov.cn/dg/website/page.html#/pc/national/fsYearData,year_end_resident_population
CN-NX,2003,5800000,NBS,2003-12-31,https://data.stats.gov.cn/dg/website/page.html#/pc/national/fsYearData,year_end_resident_population
CN-NX,2004,5880000,NBS,2004-12-31,https://data.stats.gov.cn/dg/website/page.html#/pc/national/fsYearData,year_end_resident_population
CN-NX,2005,5960000,NBS,2005-12-31,https://data.stats.gov.cn/dg/website/page.html#/pc/national/fsYearData,year_end_resident_population
CN-NX,2006,6040000,NBS,2006-12-31,https://data.stats.gov.cn/dg/website/page.html#/pc/national/fsYearData,year_end_resident_population
CN-NX,2007,6100000,NBS,2007-12-31,https://data.stats.gov.cn/dg/website/page.html#/pc/national/fsYearData,year_end_resident_population
CN-NX,2008,6180000,NBS,2008-12-31,https://data.stats.gov.cn/dg/website/page.html#/pc/national/fsYearData,year_end_resident_population
CN-NX,2009,6250000,NBS,2009-12-31,https://data.stats.gov.cn/dg/website/page.html#/pc/national/fsYearData,year_end_resident_population
CN-NX,2010,6330000,NBS,2010-12-31,https://data.stats.gov.cn/dg/website/page.html#/pc/national/fsYearData,year_end_resident_population
CN-NX,2011,6480000,NBS,2011-12-31,https://data.stats.gov.cn/dg/website/page.html#/pc/national/fsYearData,year_end_resident_population
CN-NX,2012,6590000,NBS,2012-12-31,https://data.stats.gov.cn/dg/website/page.html#/pc/national/fsYearData,year_end_resident_population
CN-NX,2013,6660000,NBS,2013-12-31,https://data.stats.gov.cn/dg/website/page.html#/pc/national/fsYearData,year_end_resident_population
CN-NX,2014,6780000,NBS,2014-12-31,https://data.stats.gov.cn/dg/website/page.html#/pc/national/fsYearData,year_end_resident_population
CN-NX,2015,6840000,NBS,2015-12-31,https://data.stats.gov.cn/dg/website/page.html#/pc/national/fsYearData,year_end_resident_population
CN-NX,2016,6950000,NBS,2016-12-31,https://data.stats.gov.cn/dg/website/page.html#/pc/national/fsYearData,year_end_resident_population
CN-NX,2017,7050000,NBS,2017-12-31,https://data.stats.gov.cn/dg/website/page.html#/pc/national/fsYearData,year_end_resident_population
CN-NX,2018,7100000,NBS,2018-12-31,https://data.stats.gov.cn/dg/website/page.html#/pc/national/fsYearData,year_end_resident_population
CN-NX,2019,7170000,NBS,2019-12-31,https://data.stats.gov.cn/dg/website/page.html#/pc/national/fsYearData,year_end_resident_population
CN-NX,2020,7210000,NBS,2020-12-31,https://data.stats.gov.cn/dg/website/page.html#/pc/national/fsYearData,year_end_resident_population
CN-NX,2021,7250000,NBS,2021-12-31,https://data.stats.gov.cn/dg/website/page.html#/pc/national/fsYearData,year_end_resident_population
CN-NX,2022,7280000,NBS,2022-12-31,https://data.stats.gov.cn/dg/website/page.html#/pc/national/fsYearData,year_end_resident_population
CN-NX,2023,7290000,NBS,2023-12-31,https://data.stats.gov.cn/dg/website/page.html#/pc/national/fsYearData,year_end_resident_population
CN-NX,2024,7290000,NBS,2024-12-31,https://data.stats.gov.cn/dg/website/page.html#/pc/national/fsYearData,year_end_resident_population
CN-NX,2025,7320000,NBS,2025-12-31,https://data.stats.gov.cn/dg/website/page.html#/pc/national/fsYearData,year_end_resident_population
CN-QH,2000,5170000,NBS,2000-12-31,https://data.stats.gov.cn/dg/website/page.html#/pc/national/fsYearData,year_end_resident_population
CN-QH,2001,5230000,NBS,2001-12-31,https://data.stats.gov.cn/dg/website/page.html#/pc/national/fsYearData,year_end_resident_population
CN-QH,2002,5290000,NBS,2002-12-31,https://data.stats.gov.cn/dg/website/page.html#/pc/national/fsYearData,year_end_resident_population
CN-QH,2003,5340000,NBS,2003-12-31,https://data.stats.gov.cn/dg/website/page.html#/pc/national/fsYearData,year_end_resident_population
CN-QH,2004,5390000,NBS,2004-12-31,https://data.stats.gov.cn/dg/website/page.html#/pc/national/fsYearData,year_end_resident_population
CN-QH,2005,5430000,NBS,2005-12-31,https://data.stats.gov.cn/dg/website/page.html#/pc/national/fsYearData,year_end_resident_population
CN-QH,2006,5480000,NBS,2006-12-31,https://data.stats.gov.cn/dg/website/page.html#/pc/national/fsYearData,year_end_resident_population
CN-QH,2007,5520000,NBS,2007-12-31,https://data.stats.gov.cn/dg/website/page.html#/pc/national/fsYearData,year_end_resident_population
CN-QH,2008,5540000,NBS,2008-12-31,https://data.stats.gov.cn/dg/website/page.html#/pc/national/fsYearData,year_end_resident_population
CN-QH,2009,5570000,NBS,2009-12-31,https://data.stats.gov.cn/dg/website/page.html#/pc/national/fsYearData,year_end_resident_population
CN-QH,2010,5630000,NBS,2010-12-31,https://data.stats.gov.cn/dg/website/page.html#/pc/national/fsYearData,year_end_resident_population
CN-QH,2011,5680000,NBS,2011-12-31,https://data.stats.gov.cn/dg/website/page.html#/pc/national/fsYearData,year_end_resident_population
CN-QH,2012,5710000,NBS,2012-12-31,https://data.stats.gov.cn/dg/website/page.html#/pc/national/fsYearData,year_end_resident_population
CN-QH,2013,5710000,NBS,2013-12-31,https://data.stats.gov.cn/dg/website/page.html#/pc/national/fsYearData,year_end_resident_population
CN-QH,2014,5760000,NBS,2014-12-31,https://data.stats.gov.cn/dg/website/page.html#/pc/national/fsYearData,year_end_resident_population
CN-QH,2015,5770000,NBS,2015-12-31,https://data.stats.gov.cn/dg/website/page.html#/pc/national/fsYearData,year_end_resident_population
CN-QH,2016,5820000,NBS,2016-12-31,https://data.stats.gov.cn/dg/website/page.html#/pc/national/fsYearData,year_end_resident_population
CN-QH,2017,5860000,NBS,2017-12-31,https://data.stats.gov.cn/dg/website/page.html#/pc/national/fsYearData,year_end_resident_population
CN-QH,2018,5870000,NBS,2018-12-31,https://data.stats.gov.cn/dg/website/page.html#/pc/national/fsYearData,year_end_resident_population
CN-QH,2019,5900000,NBS,2019-12-31,https://data.stats.gov.cn/dg/website/page.html#/pc/national/fsYearData,year_end_resident_population
CN-QH,2020,5930000,NBS,2020-12-31,https://data.stats.gov.cn/dg/website/page.html#/pc/national/fsYearData,year_end_resident_population
CN-QH,2021,5940000,NBS,2021-12-31,https://data.stats.gov.cn/dg/website/page.html#/pc/national/fsYearData,year_end_resident_population
CN-QH,2022,5950000,NBS,2022-12-31,https://data.stats.gov.cn/dg/website/page.html#/pc/national/fsYearData,year_end_resident_population
CN-QH,2023,5940000,NBS,2023-12-31,https://data.stats.gov.cn/dg/website/page.html#/pc/national/fsYearData,year_end_resident_population
CN-QH,2024,5930000,NBS,2024-12-31,https://data.stats.gov.cn/dg/website/page.html#/pc/national/fsYearData,year_end_resident_population
CN-QH,2025,5920000,NBS,2025-12-31,https://data.stats.gov.cn/dg/website/page.html#/pc/national/fsYearData,year_end_resident_population
CN-SC,2000,83290000,NBS,2000-12-31,https://data.stats.gov.cn/dg/website/page.html#/pc/national/fsYearData,year_end_resident_population
CN-SC,2001,81430000,NBS,2001-12-31,https://data.stats.gov.cn/dg/website/page.html#/pc/national/fsYearData,year_end_resident_population
CN-SC,2002,81100000,NBS,2002-12-31,https://data.stats.gov.cn/dg/website/page.html#/pc/national/fsYearData,year_end_resident_population
CN-SC,2003,81760000,NBS,2003-12-31,https://data.stats.gov.cn/dg/website/page.html#/pc/national/fsYearData,year_end_resident_population
CN-SC,2004,80900000,NBS,2004-12-31,https://data.stats.gov.cn/dg/website/page.html#/pc/national/fsYearData,year_end_resident_population
CN-SC,2005,82120000,NBS,2005-12-31,https://data.stats.gov.cn/dg/website/page.html#/pc/national/fsYearData,year_end_resident_population
CN-SC,2006,81690000,NBS,2006-12-31,https://data.stats.gov.cn/dg/website/page.html#/pc/national/fsYearData,year_end_resident_population
CN-SC,2007,81270000,NBS,2007-12-31,https://data.stats.gov.cn/dg/website/page.html#/pc/national/fsYearData,year_end_resident_population
CN-SC,2008,81380000,NBS,2008-12-31,https://data.stats.gov.cn/dg/website/page.html#/pc/national/fsYearData,year_end_resident_population
CN-SC,2009,81850000,NBS,2009-12-31,https://data.stats.gov.cn/dg/website/page.html#/pc/national/fsYearData,year_end_resident_population
CN-SC,2010,80450000,NBS,2010-12-31,https://data.stats.gov.cn/dg/website/page.html#/pc/national/fsYearData,year_end_resident_population
CN-SC,2011,80640000,NBS,2011-12-31,https://data.stats.gov.cn/dg/website/page.html#/pc/national/fsYearData,year_end_resident_population
CN-SC,2012,80850000,NBS,2012-12-31,https://data.stats.gov.cn/dg/website/page.html#/pc/national/fsYearData,year_end_resident_population
CN-SC,2013,81090000,NBS,2013-12-31,https://data.stats.gov.cn/dg/website/page.html#/pc/national/fsYearData,year_end_resident_population
CN-SC,2014,81390000,NBS,2014-12-31,https://data.stats.gov.cn/dg/website/page.html#/pc/national/fsYearData,year_end_resident_population
CN-SC,2015,81960000,NBS,2015-12-31,https://data.stats.gov.cn/dg/website/page.html#/pc/national/fsYearData,year_end_resident_population
CN-SC,2016,82510000,NBS,2016-12-31,https://data.stats.gov.cn/dg/website/page.html#/pc/national/fsYearData,year_end_resident_population
CN-SC,2017,82890000,NBS,2017-12-31,https://data.stats.gov.cn/dg/website/page.html#/pc/national/fsYearData,year_end_resident_population
CN-SC,2018,83210000,NBS,2018-12-31,https://data.stats.gov.cn/dg/website/page.html#/pc/national/fsYearData,year_end_resident_population
CN-SC,2019,83510000,NBS,2019-12-31,https://data.stats.gov.cn/dg/website/page.html#/pc/national/fsYearData,year_end_resident_population
CN-SC,2020,83710000,NBS,2020-12-31,https://data.stats.gov.cn/dg/website/page.html#/pc/national/fsYearData,year_end_resident_population
CN-SC,2021,83720000,NBS,2021-12-31,https://data.stats.gov.cn/dg/website/page.html#/pc/national/fsYearData,year_end_resident_population
CN-SC,2022,83740000,NBS,2022-12-31,https://data.stats.gov.cn/dg/website/page.html#/pc/national/fsYearData,year_end_resident_population
CN-SC,2023,83680000,NBS,2023-12-31,https://data.stats.gov.cn/dg/website/page.html#/pc/national/fsYearData,year_end_resident_population
CN-SC,2024,83640000,NBS,2024-12-31,https://data.stats.gov.cn/dg/website/page.html#/pc/national/fsYearData,year_end_resident_population
CN-SC,2025,83180000,NBS,2025-12-31,https://data.stats.gov.cn/dg/website/page.html#/pc/national/fsYearData,year_end_resident_population
CN-SD,2000,89980000,NBS,2000-12-31,https://data.stats.gov.cn/dg/website/page.html#/pc/national/fsYearData,year_end_resident_population
CN-SD,2001,90410000,NBS,2001-12-31,https://data.stats.gov.cn/dg/website/page.html#/pc/national/fsYearData,year_end_resident_population
CN-SD,2002,90820000,NBS,2002-12-31,https://data.stats.gov.cn/dg/website/page.html#/pc/national/fsYearData,year_end_resident_population
CN-SD,2003,91250000,NBS,2003-12-31,https://data.stats.gov.cn/dg/website/page.html#/pc/national/fsYearData,year_end_resident_population
CN-SD,2004,91800000,NBS,2004-12-31,https://data.stats.gov.cn/dg/website/page.html#/pc/national/fsYearData,year_end_resident_population
CN-SD,2005,92480000,NBS,2005-12-31,https://data.stats.gov.cn/dg/website/page.html#/pc/national/fsYearData,year_end_resident_population
CN-SD,2006,93090000,NBS,2006-12-31,https://data.stats.gov.cn/dg/website/page.html#/pc/national/fsYearData,year_end_resident_population
CN-SD,2007,93670000,NBS,2007-12-31,https://data.stats.gov.cn/dg/website/page.html#/pc/national/fsYearData,year_end_resident_population
CN-SD,2008,94170000,NBS,2008-12-31,https://data.stats.gov.cn/dg/website/page.html#/pc/national/fsYearData,year_end_resident_population
CN-SD,2009,94700000,NBS,2009-12-31,https://data.stats.gov.cn/dg/website/page.html#/pc/national/fsYearData,year_end_resident_population
CN-SD,2010,95880000,NBS,2010-12-31,https://data.stats.gov.cn/dg/website/page.html#/pc/national/fsYearData,year_end_resident_population
CN-SD,2011,96650000,NBS,2011-12-31,https://data.stats.gov.cn/dg/website/page.html#/pc/national/fsYearData,year_end_resident_population
CN-SD,2012,97080000,NBS,2012-12-31,https://data.stats.gov.cn/dg/website/page.html#/pc/national/fsYearData,year_end_resident_population
CN-SD,2013,97460000,NBS,2013-12-31,https://data.stats.gov.cn/dg/website/page.html#/pc/national/fsYearData,year_end_resident_population
CN-SD,2014,98080000,NBS,2014-12-31,https://data.stats.gov.cn/dg/website/page.html#/pc/national/fsYearData,year_end_resident_population
CN-SD,2015,98660000,NBS,2015-12-31,https://data.stats.gov.cn/dg/website/page.html#/pc/national/fsYearData,year_end_resident_population
CN-SD,2016,99730000,NBS,2016-12-31,https://data.stats.gov.cn/dg/website/page.html#/pc/national/fsYearData,year_end_resident_population
CN-SD,2017,100330000,NBS,2017-12-31,https://data.stats.gov.cn/dg/website/page.html#/pc/national/fsYearData,year_end_resident_population
CN-SD,2018,100770000,NBS,2018-12-31,https://data.stats.gov.cn/dg/website/page.html#/pc/national/fsYearData,year_end_resident_population
CN-SD,2019,101060000,NBS,2019-12-31,https://data.stats.gov.cn/dg/website/page.html#/pc/national/fsYearData,year_end_resident_population
CN-SD,2020,101650000,NBS,2020-12-31,https://data.stats.gov.cn/dg/website/page.html#/pc/national/fsYearData,year_end_resident_population
CN-SD,2021,101700000,NBS,2021-12-31,https://data.stats.gov.cn/dg/website/page.html#/pc/national/fsYearData,year_end_resident_population
CN-SD,2022,101630000,NBS,2022-12-31,https://data.stats.gov.cn/dg/website/page.html#/pc/national/fsYearData,year_end_resident_population
CN-SD,2023,101230000,NBS,2023-12-31,https://data.stats.gov.cn/dg/website/page.html#/pc/national/fsYearData,year_end_resident_population
CN-SD,2024,100800000,NBS,2024-12-31,https://data.stats.gov.cn/dg/website/page.html#/pc/national/fsYearData,year_end_resident_population
CN-SD,2025,100430000,NBS,2025-12-31,https://data.stats.gov.cn/dg/website/page.html#/pc/national/fsYearData,year_end_resident_population
CN-SH,2000,16090000,NBS,2000-12-31,https://data.stats.gov.cn/dg/website/page.html#/pc/national/fsYearData,year_end_resident_population
CN-SH,2001,16680000,NBS,2001-12-31,https://data.stats.gov.cn/dg/website/page.html#/pc/national/fsYearData,year_end_resident_population
CN-SH,2002,17130000,NBS,2002-12-31,https://data.stats.gov.cn/dg/website/page.html#/pc/national/fsYearData,year_end_resident_population
CN-SH,2003,17660000,NBS,2003-12-31,https://data.stats.gov.cn/dg/website/page.html#/pc/national/fsYearData,year_end_resident_population
CN-SH,2004,18350000,NBS,2004-12-31,https://data.stats.gov.cn/dg/website/page.html#/pc/national/fsYearData,year_end_resident_population
CN-SH,2005,18900000,NBS,2005-12-31,https://data.stats.gov.cn/dg/website/page.html#/pc/national/fsYearData,year_end_resident_population
CN-SH,2006,19640000,NBS,2006-12-31,https://data.stats.gov.cn/dg/website/page.html#/pc/national/fsYearData,year_end_resident_population
CN-SH,2007,20640000,NBS,2007-12-31,https://data.stats.gov.cn/dg/website/page.html#/pc/national/fsYearData,year_end_resident_population
CN-SH,2008,21410000,NBS,2008-12-31,https://data.stats.gov.cn/dg/website/page.html#/pc/national/fsYearData,year_end_resident_population
CN-SH,2009,22100000,NBS,2009-12-31,https://data.stats.gov.cn/dg/website/page.html#/pc/national/fsYearData,year_end_resident_population
CN-SH,2010,23030000,NBS,2010-12-31,https://data.stats.gov.cn/dg/website/page.html#/pc/national/fsYearData,year_end_resident_population
CN-SH,2011,23560000,NBS,2011-12-31,https://data.stats.gov.cn/dg/website/page.html#/pc/national/fsYearData,year_end_resident_population
CN-SH,2012,23990000,NBS,2012-12-31,https://data.stats.gov.cn/dg/website/page.html#/pc/national/fsYearData,year_end_resident_population
CN-SH,2013,24480000,NBS,2013-12-31,https://data.stats.gov.cn/dg/website/page.html#/pc/national/fsYearData,year_end_resident_population
CN-SH,2014,24670000,NBS,2014-12-31,https://data.stats.gov.cn/dg/website/page.html#/pc/national/fsYearData,year_end_resident_population
CN-SH,2015,24580000,NBS,2015-12-31,https://data.stats.gov.cn/dg/website/page.html#/pc/national/fsYearData,year_end_resident_population
CN-SH,2016,24670000,NBS,2016-12-31,https://data.stats.gov.cn/dg/website/page.html#/pc/national/fsYearData,year_end_resident_population
CN-SH,2017,24660000,NBS,2017-12-31,https://data.stats.gov.cn/dg/website/page.html#/pc/national/fsYearData,year_end_resident_population
CN-SH,2018,24750000,NBS,2018-12-31,https://data.stats.gov.cn/dg/website/page.html#/pc/national/fsYearData,year_end_resident_population
CN-SH,2019,24810000,NBS,2019-12-31,https://data.stats.gov.cn/dg/website/page.html#/pc/national/fsYearData,year_end_resident_population
CN-SH,2020,24880000,NBS,2020-12-31,https://data.stats.gov.cn/dg/website/page.html#/pc/national/fsYearData,year_end_resident_population
CN-SH,2021,24890000,NBS,2021-12-31,https://data.stats.gov.cn/dg/website/page.html#/pc/national/fsYearData,year_end_resident_population
CN-SH,2022,24750000,NBS,2022-12-31,https://data.stats.gov.cn/dg/website/page.html#/pc/national/fsYearData,year_end_resident_population
CN-SH,2023,24870000,NBS,2023-12-31,https://data.stats.gov.cn/dg/website/page.html#/pc/national/fsYearData,year_end_resident_population
CN-SH,2024,24800000,NBS,2024-12-31,https://data.stats.gov.cn/dg/website/page.html#/pc/national/fsYearData,year_end_resident_population
CN-SH,2025,24850000,NBS,2025-12-31,https://data.stats.gov.cn/dg/website/page.html#/pc/national/fsYearData,year_end_resident_population
CN-SN,2000,36440000,NBS,2000-12-31,https://data.stats.gov.cn/dg/website/page.html#/pc/national/fsYearData,year_end_resident_population
CN-SN,2001,36530000,NBS,2001-12-31,https://data.stats.gov.cn/dg/website/page.html#/pc/national/fsYearData,year_end_resident_population
CN-SN,2002,36620000,NBS,2002-12-31,https://data.stats.gov.cn/dg/website/page.html#/pc/national/fsYearData,year_end_resident_population
CN-SN,2003,36720000,NBS,2003-12-31,https://data.stats.gov.cn/dg/website/page.html#/pc/national/fsYearData,year_end_resident_population
CN-SN,2004,36810000,NBS,2004-12-31,https://data.stats.gov.cn/dg/website/page.html#/pc/national/fsYearData,year_end_resident_population
CN-SN,2005,36900000,NBS,2005-12-31,https://data.stats.gov.cn/dg/website/page.html#/pc/national/fsYearData,year_end_resident_population
CN-SN,2006,36990000,NBS,2006-12-31,https://data.stats.gov.cn/dg/website/page.html#/pc/national/fsYearData,year_end_resident_population
CN-SN,2007,37080000,NBS,2007-12-31,https://data.stats.gov.cn/dg/website/page.html#/pc/national/fsYearData,year_end_resident_population
CN-SN,2008,37180000,NBS,2008-12-31,https://data.stats.gov.cn/dg/website/page.html#/pc/national/fsYearData,year_end_resident_population
CN-SN,2009,37270000,NBS,2009-12-31,https://data.stats.gov.cn/dg/website/page.html#/pc/national/fsYearData,year_end_resident_population
CN-SN,2010,37350000,NBS,2010-12-31,https://data.stats.gov.cn/dg/website/page.html#/pc/national/fsYearData,year_end_resident_population
CN-SN,2011,37650000,NBS,2011-12-31,https://data.stats.gov.cn/dg/website/page.html#/pc/national/fsYearData,year_end_resident_population
CN-SN,2012,37870000,NBS,2012-12-31,https://data.stats.gov.cn/dg/website/page.html#/pc/national/fsYearData,year_end_resident_population
CN-SN,2013,38040000,NBS,2013-12-31,https://data.stats.gov.cn/dg/website/page.html#/pc/national/fsYearData,year_end_resident_population
CN-SN,2014,38270000,NBS,2014-12-31,https://data.stats.gov.cn/dg/website/page.html#/pc/national/fsYearData,year_end_resident_population
CN-SN,2015,38460000,NBS,2015-12-31,https://data.stats.gov.cn/dg/website/page.html#/pc/national/fsYearData,year_end_resident_population
CN-SN,2016,38740000,NBS,2016-12-31,https://data.stats.gov.cn/dg/website/page.html#/pc/national/fsYearData,year_end_resident_population
CN-SN,2017,39040000,NBS,2017-12-31,https://data.stats.gov.cn/dg/website/page.html#/pc/national/fsYearData,year_end_resident_population
CN-SN,2018,39310000,NBS,2018-12-31,https://data.stats.gov.cn/dg/website/page.html#/pc/national/fsYearData,year_end_resident_population
CN-SN,2019,39440000,NBS,2019-12-31,https://data.stats.gov.cn/dg/website/page.html#/pc/national/fsYearData,year_end_resident_population
CN-SN,2020,39550000,NBS,2020-12-31,https://data.stats.gov.cn/dg/website/page.html#/pc/national/fsYearData,year_end_resident_population
CN-SN,2021,39540000,NBS,2021-12-31,https://data.stats.gov.cn/dg/website/page.html#/pc/national/fsYearData,year_end_resident_population
CN-SN,2022,39560000,NBS,2022-12-31,https://data.stats.gov.cn/dg/website/page.html#/pc/national/fsYearData,year_end_resident_population
CN-SN,2023,39520000,NBS,2023-12-31,https://data.stats.gov.cn/dg/website/page.html#/pc/national/fsYearData,year_end_resident_population
CN-SN,2024,39530000,NBS,2024-12-31,https://data.stats.gov.cn/dg/website/page.html#/pc/national/fsYearData,year_end_resident_population
CN-SN,2025,39360000,NBS,2025-12-31,https://data.stats.gov.cn/dg/website/page.html#/pc/national/fsYearData,year_end_resident_population
CN-SX,2000,32470000,NBS,2000-12-31,https://data.stats.gov.cn/dg/website/page.html#/pc/national/fsYearData,year_end_resident_population
CN-SX,2001,32720000,NBS,2001-12-31,https://data.stats.gov.cn/dg/website/page.html#/pc/national/fsYearData,year_end_resident_population
CN-SX,2002,32940000,NBS,2002-12-31,https://data.stats.gov.cn/dg/website/page.html#/pc/national/fsYearData,year_end_resident_population
CN-SX,2003,33140000,NBS,2003-12-31,https://data.stats.gov.cn/dg/website/page.html#/pc/national/fsYearData,year_end_resident_population
CN-SX,2004,33350000,NBS,2004-12-31,https://data.stats.gov.cn/dg/website/page.html#/pc/national/fsYearData,year_end_resident_population
CN-SX,2005,33550000,NBS,2005-12-31,https://data.stats.gov.cn/dg/website/page.html#/pc/national/fsYearData,year_end_resident_population
CN-SX,2006,33750000,NBS,2006-12-31,https://data.stats.gov.cn/dg/website/page.html#/pc/national/fsYearData,year_end_resident_population
CN-SX,2007,33930000,NBS,2007-12-31,https://data.stats.gov.cn/dg/website/page.html#/pc/national/fsYearData,year_end_resident_population
CN-SX,2008,34110000,NBS,2008-12-31,https://data.stats.gov.cn/dg/website/page.html#/pc/national/fsYearData,year_end_resident_population
CN-SX,2009,34270000,NBS,2009-12-31,https://data.stats.gov.cn/dg/website/page.html#/pc/national/fsYearData,year_end_resident_population
CN-SX,2010,35740000,NBS,2010-12-31,https://data.stats.gov.cn/dg/website/page.html#/pc/national/fsYearData,year_end_resident_population
CN-SX,2011,35620000,NBS,2011-12-31,https://data.stats.gov.cn/dg/website/page.html#/pc/national/fsYearData,year_end_resident_population
CN-SX,2012,35480000,NBS,2012-12-31,https://data.stats.gov.cn/dg/website/page.html#/pc/national/fsYearData,year_end_resident_population
CN-SX,2013,35350000,NBS,2013-12-31,https://data.stats.gov.cn/dg/website/page.html#/pc/national/fsYearData,year_end_resident_population
CN-SX,2014,35280000,NBS,2014-12-31,https://data.stats.gov.cn/dg/website/page.html#/pc/national/fsYearData,year_end_resident_population
CN-SX,2015,35190000,NBS,2015-12-31,https://data.stats.gov.cn/dg/website/page.html#/pc/national/fsYearData,year_end_resident_population
CN-SX,2016,35140000,NBS,2016-12-31,https://data.stats.gov.cn/dg/website/page.html#/pc/national/fsYearData,year_end_resident_population
CN-SX,2017,35100000,NBS,2017-12-31,https://data.stats.gov.cn/dg/website/page.html#/pc/national/fsYearData,year_end_resident_population
CN-SX,2018,35020000,NBS,2018-12-31,https://data.stats.gov.cn/dg/website/page.html#/pc/national/fsYearData,year_end_resident_population
CN-SX,2019,34970000,NBS,2019-12-31,https://data.stats.gov.cn/dg/website/page.html#/pc/national/fsYearData,year_end_resident_population
CN-SX,2020,34900000,NBS,2020-12-31,https://data.stats.gov.cn/dg/website/page.html#/pc/national/fsYearData,year_end_resident_population
CN-SX,2021,34800000,NBS,2021-12-31,https://data.stats.gov.cn/dg/website/page.html#/pc/national/fsYearData,year_end_resident_population
CN-SX,2022,34810000,NBS,2022-12-31,https://data.stats.gov.cn/dg/website/page.html#/pc/national/fsYearData,year_end_resident_population
CN-SX,2023,34660000,NBS,2023-12-31,https://data.stats.gov.cn/dg/website/page.html#/pc/national/fsYearData,year_end_resident_population
CN-SX,2024,34460000,NBS,2024-12-31,https://data.stats.gov.cn/dg/website/page.html#/pc/national/fsYearData,year_end_resident_population
CN-SX,2025,34240000,NBS,2025-12-31,https://data.stats.gov.cn/dg/website/page.html#/pc/national/fsYearData,year_end_resident_population
CN-TJ,2000,10010000,NBS,2000-12-31,https://data.stats.gov.cn/dg/website/page.html#/pc/national/fsYearData,year_end_resident_population
CN-TJ,2001,10040000,NBS,2001-12-31,https://data.stats.gov.cn/dg/website/page.html#/pc/national/fsYearData,year_end_resident_population
CN-TJ,2002,10070000,NBS,2002-12-31,https://data.stats.gov.cn/dg/website/page.html#/pc/national/fsYearData,year_end_resident_population
CN-TJ,2003,10110000,NBS,2003-12-31,https://data.stats.gov.cn/dg/website/page.html#/pc/national/fsYearData,year_end_resident_population
CN-TJ,2004,10240000,NBS,2004-12-31,https://data.stats.gov.cn/dg/website/page.html#/pc/national/fsYearData,year_end_resident_population
CN-TJ,2005,10430000,NBS,2005-12-31,https://data.stats.gov.cn/dg/website/page.html#/pc/national/fsYearData,year_end_resident_population
CN-TJ,2006,10750000,NBS,2006-12-31,https://data.stats.gov.cn/dg/website/page.html#/pc/national/fsYearData,year_end_resident_population
CN-TJ,2007,11150000,NBS,2007-12-31,https://data.stats.gov.cn/dg/website/page.html#/pc/national/fsYearData,year_end_resident_population
CN-TJ,2008,11760000,NBS,2008-12-31,https://data.stats.gov.cn/dg/website/page.html#/pc/national/fsYearData,year_end_resident_population
CN-TJ,2009,12280000,NBS,2009-12-31,https://data.stats.gov.cn/dg/website/page.html#/pc/national/fsYearData,year_end_resident_population
CN-TJ,2010,12990000,NBS,2010-12-31,https://data.stats.gov.cn/dg/website/page.html#/pc/national/fsYearData,year_end_resident_population
CN-TJ,2011,13410000,NBS,2011-12-31,https://data.stats.gov.cn/dg/website/page.html#/pc/national/fsYearData,year_end_resident_population
CN-TJ,2012,13780000,NBS,2012-12-31,https://data.stats.gov.cn/dg/website/page.html#/pc/national/fsYearData,year_end_resident_population
CN-TJ,2013,14100000,NBS,2013-12-31,https://data.stats.gov.cn/dg/website/page.html#/pc/national/fsYearData,year_end_resident_population
CN-TJ,2014,14290000,NBS,2014-12-31,https://data.stats.gov.cn/dg/website/page.html#/pc/national/fsYearData,year_end_resident_population
CN-TJ,2015,14390000,NBS,2015-12-31,https://data.stats.gov.cn/dg/website/page.html#/pc/national/fsYearData,year_end_resident_population
CN-TJ,2016,14430000,NBS,2016-12-31,https://data.stats.gov.cn/dg/website/page.html#/pc/national/fsYearData,year_end_resident_population
CN-TJ,2017,14100000,NBS,2017-12-31,https://data.stats.gov.cn/dg/website/page.html#/pc/national/fsYearData,year_end_resident_population
CN-TJ,2018,13830000,NBS,2018-12-31,https://data.stats.gov.cn/dg/website/page.html#/pc/national/fsYearData,year_end_resident_population
CN-TJ,2019,13850000,NBS,2019-12-31,https://data.stats.gov.cn/dg/website/page.html#/pc/national/fsYearData,year_end_resident_population
CN-TJ,2020,13870000,NBS,2020-12-31,https://data.stats.gov.cn/dg/website/page.html#/pc/national/fsYearData,year_end_resident_population
CN-TJ,2021,13730000,NBS,2021-12-31,https://data.stats.gov.cn/dg/website/page.html#/pc/national/fsYearData,year_end_resident_population
CN-TJ,2022,13630000,NBS,2022-12-31,https://data.stats.gov.cn/dg/website/page.html#/pc/national/fsYearData,year_end_resident_population
CN-TJ,2023,13640000,NBS,2023-12-31,https://data.stats.gov.cn/dg/website/page.html#/pc/national/fsYearData,year_end_resident_population
CN-TJ,2024,13640000,NBS,2024-12-31,https://data.stats.gov.cn/dg/website/page.html#/pc/national/fsYearData,year_end_resident_population
CN-TJ,2025,13630000,NBS,2025-12-31,https://data.stats.gov.cn/dg/website/page.html#/pc/national/fsYearData,year_end_resident_population
CN-XJ,2000,18490000,NBS,2000-12-31,https://data.stats.gov.cn/dg/website/page.html#/pc/national/fsYearData,year_end_resident_population
CN-XJ,2001,18760000,NBS,2001-12-31,https://data.stats.gov.cn/dg/website/page.html#/pc/national/fsYearData,year_end_resident_population
CN-XJ,2002,19050000,NBS,2002-12-31,https://data.stats.gov.cn/dg/website/page.html#/pc/national/fsYearData,year_end_resident_population
CN-XJ,2003,19340000,NBS,2003-12-31,https://data.stats.gov.cn/dg/website/page.html#/pc/national/fsYearData,year_end_resident_population
CN-XJ,2004,19630000,NBS,2004-12-31,https://data.stats.gov.cn/dg/website/page.html#/pc/national/fsYearData,year_end_resident_population
CN-XJ,2005,20100000,NBS,2005-12-31,https://data.stats.gov.cn/dg/website/page.html#/pc/national/fsYearData,year_end_resident_population
CN-XJ,2006,20500000,NBS,2006-12-31,https://data.stats.gov.cn/dg/website/page.html#/pc/national/fsYearData,year_end_resident_population
CN-XJ,2007,20950000,NBS,2007-12-31,https://data.stats.gov.cn/dg/website/page.html#/pc/national/fsYearData,year_end_resident_population
CN-XJ,2008,21310000,NBS,2008-12-31,https://data.stats.gov.cn/dg/website/page.html#/pc/national/fsYearData,year_end_resident_population
CN-XJ,2009,21590000,NBS,2009-12-31,https://data.stats.gov.cn/dg/website/page.html#/pc/national/fsYearData,year_end_resident_population
CN-XJ,2010,21850000,NBS,2010-12-31,https://data.stats.gov.cn/dg/website/page.html#/pc/national/fsYearData,year_end_resident_population
CN-XJ,2011,22250000,NBS,2011-12-31,https://data.stats.gov.cn/dg/website/page.html#/pc/national/fsYearData,year_end_resident_population
CN-XJ,2012,22530000,NBS,2012-12-31,https://data.stats.gov.cn/dg/website/page.html#/pc/national/fsYearData,year_end_resident_population
CN-XJ,2013,22850000,NBS,2013-12-31,https://data.stats.gov.cn/dg/website/page.html#/pc/national/fsYearData,year_end_resident_population
CN-XJ,2014,23250000,NBS,2014-12-31,https://data.stats.gov.cn/dg/website/page.html#/pc/national/fsYearData,year_end_resident_population
CN-XJ,2015,23850000,NBS,2015-12-31,https://data.stats.gov.cn/dg/website/page.html#/pc/national/fsYearData,year_end_resident_population
CN-XJ,2016,24280000,NBS,2016-12-31,https://data.stats.gov.cn/dg/website/page.html#/pc/national/fsYearData,year_end_resident_population
CN-XJ,2017,24800000,NBS,2017-12-31,https://data.stats.gov.cn/dg/website/page.html#/pc/national/fsYearData,year_end_resident_population
CN-XJ,2018,25200000,NBS,2018-12-31,https://data.stats.gov.cn/dg/website/page.html#/pc/national/fsYearData,year_end_resident_population
CN-XJ,2019,25590000,NBS,2019-12-31,https://data.stats.gov.cn/dg/website/page.html#/pc/national/fsYearData,year_end_resident_population
CN-XJ,2020,25900000,NBS,2020-12-31,https://data.stats.gov.cn/dg/website/page.html#/pc/national/fsYearData,year_end_resident_population
CN-XJ,2021,25890000,NBS,2021-12-31,https://data.stats.gov.cn/dg/website/page.html#/pc/national/fsYearData,year_end_resident_population
CN-XJ,2022,25870000,NBS,2022-12-31,https://data.stats.gov.cn/dg/website/page.html#/pc/national/fsYearData,year_end_resident_population
CN-XJ,2023,25980000,NBS,2023-12-31,https://data.stats.gov.cn/dg/website/page.html#/pc/national/fsYearData,year_end_resident_population
CN-XJ,2024,26230000,NBS,2024-12-31,https://data.stats.gov.cn/dg/website/page.html#/pc/national/fsYearData,year_end_resident_population
CN-XJ,2025,26390000,NBS,2025-12-31,https://data.stats.gov.cn/dg/website/page.html#/pc/national/fsYearData,year_end_resident_population
CN-XZ,2000,2580000,NBS,2000-12-31,https://data.stats.gov.cn/dg/website/page.html#/pc/national/fsYearData,year_end_resident_population
CN-XZ,2001,2640000,NBS,2001-12-31,https://data.stats.gov.cn/dg/website/page.html#/pc/national/fsYearData,year_end_resident_population
CN-XZ,2002,2680000,NBS,2002-12-31,https://data.stats.gov.cn/dg/website/page.html#/pc/national/fsYearData,year_end_resident_population
CN-XZ,2003,2720000,NBS,2003-12-31,https://data.stats.gov.cn/dg/website/page.html#/pc/national/fsYearData,year_end_resident_population
CN-XZ,2004,2760000,NBS,2004-12-31,https://data.stats.gov.cn/dg/website/page.html#/pc/national/fsYearData,year_end_resident_population
CN-XZ,2005,2800000,NBS,2005-12-31,https://data.stats.gov.cn/dg/website/page.html#/pc/national/fsYearData,year_end_resident_population
CN-XZ,2006,2850000,NBS,2006-12-31,https://data.stats.gov.cn/dg/website/page.html#/pc/national/fsYearData,year_end_resident_population
CN-XZ,2007,2890000,NBS,2007-12-31,https://data.stats.gov.cn/dg/website/page.html#/pc/national/fsYearData,year_end_resident_population
CN-XZ,2008,2920000,NBS,2008-12-31,https://data.stats.gov.cn/dg/website/page.html#/pc/national/fsYearData,year_end_resident_population
CN-XZ,2009,2960000,NBS,2009-12-31,https://data.stats.gov.cn/dg/website/page.html#/pc/national/fsYearData,year_end_resident_population
CN-XZ,2010,3000000,NBS,2010-12-31,https://data.stats.gov.cn/dg/website/page.html#/pc/national/fsYearData,year_end_resident_population
CN-XZ,2011,3090000,NBS,2011-12-31,https://data.stats.gov.cn/dg/website/page.html#/pc/national/fsYearData,year_end_resident_population
CN-XZ,2012,3150000,NBS,2012-12-31,https://data.stats.gov.cn/dg/website/page.html#/pc/national/fsYearData,year_end_resident_population
CN-XZ,2013,3170000,NBS,2013-12-31,https://data.stats.gov.cn/dg/website/page.html#/pc/national/fsYearData,year_end_resident_population
CN-XZ,2014,3250000,NBS,2014-12-31,https://data.stats.gov.cn/dg/website/page.html#/pc/national/fsYearData,year_end_resident_population
CN-XZ,2015,3300000,NBS,2015-12-31,https://data.stats.gov.cn/dg/website/page.html#/pc/national/fsYearData,year_end_resident_population
CN-XZ,2016,3400000,NBS,2016-12-31,https://data.stats.gov.cn/dg/website/page.html#/pc/national/fsYearData,year_end_resident_population
CN-XZ,2017,3490000,NBS,2017-12-31,https://data.stats.gov.cn/dg/website/page.html#/pc/national/fsYearData,year_end_resident_population
CN-XZ,2018,3540000,NBS,2018-12-31,https://data.stats.gov.cn/dg/website/page.html#/pc/national/fsYearData,year_end_resident_population
CN-XZ,2019,3610000,NBS,2019-12-31,https://data.stats.gov.cn/dg/website/page.html#/pc/national/fsYearData,year_end_resident_population
CN-XZ,2020,3660000,NBS,2020-12-31,https://data.stats.gov.cn/dg/website/page.html#/pc/national/fsYearData,year_end_resident_population
CN-XZ,2021,3660000,NBS,2021-12-31,https://data.stats.gov.cn/dg/website/page.html#/pc/national/fsYearData,year_end_resident_population
CN-XZ,2022,3640000,NBS,2022-12-31,https://data.stats.gov.cn/dg/website/page.html#/pc/national/fsYearData,year_end_resident_population
CN-XZ,2023,3650000,NBS,2023-12-31,https://data.stats.gov.cn/dg/website/page.html#/pc/national/fsYearData,year_end_resident_population
CN-XZ,2024,3700000,NBS,2024-12-31,https://data.stats.gov.cn/dg/website/page.html#/pc/national/fsYearData,year_end_resident_population
CN-XZ,2025,3740000,NBS,2025-12-31,https://data.stats.gov.cn/dg/website/page.html#/pc/national/fsYearData,year_end_resident_population
CN-YN,2000,42410000,NBS,2000-12-31,https://data.stats.gov.cn/dg/website/page.html#/pc/national/fsYearData,year_end_resident_population
CN-YN,2001,42870000,NBS,2001-12-31,https://data.stats.gov.cn/dg/website/page.html#/pc/national/fsYearData,year_end_resident_population
CN-YN,2002,43330000,NBS,2002-12-31,https://data.stats.gov.cn/dg/website/page.html#/pc/national/fsYearData,year_end_resident_population
CN-YN,2003,43760000,NBS,2003-12-31,https://data.stats.gov.cn/dg/website/page.html#/pc/national/fsYearData,year_end_resident_population
CN-YN,2004,44150000,NBS,2004-12-31,https://data.stats.gov.cn/dg/website/page.html#/pc/national/fsYearData,year_end_resident_population
CN-YN,2005,44500000,NBS,2005-12-31,https://data.stats.gov.cn/dg/website/page.html#/pc/national/fsYearData,year_end_resident_population
CN-YN,2006,44830000,NBS,2006-12-31,https://data.stats.gov.cn/dg/website/page.html#/pc/national/fsYearData,year_end_resident_population
CN-YN,2007,45140000,NBS,2007-12-31,https://data.stats.gov.cn/dg/website/page.html#/pc/national/fsYearData,year_end_resident_population
CN-YN,2008,45430000,NBS,2008-12-31,https://data.stats.gov.cn/dg/website/page.html#/pc/national/fsYearData,year_end_resident_population
CN-YN,2009,45710000,NBS,2009-12-31,https://data.stats.gov.cn/dg/website/page.html#/pc/national/fsYearData,year_end_resident_population
CN-YN,2010,46020000,NBS,2010-12-31,https://data.stats.gov.cn/dg/website/page.html#/pc/national/fsYearData,year_end_resident_population
CN-YN,2011,46200000,NBS,2011-12-31,https://data.stats.gov.cn/dg/website/page.html#/pc/national/fsYearData,year_end_resident_population
CN-YN,2012,46310000,NBS,2012-12-31,https://data.stats.gov.cn/dg/website/page.html#/pc/national/fsYearData,year_end_resident_population
CN-YN,2013,46410000,NBS,2013-12-31,https://data.stats.gov.cn/dg/website/page.html#/pc/national/fsYearData,year_end_resident_population
CN-YN,2014,46530000,NBS,2014-12-31,https://data.stats.gov.cn/dg/website/page.html#/pc/national/fsYearData,year_end_resident_population
CN-YN,2015,46630000,NBS,2015-12-31,https://data.stats.gov.cn/dg/website/page.html#/pc/national/fsYearData,year_end_resident_population
CN-YN,2016,46770000,NBS,2016-12-31,https://data.stats.gov.cn/dg/website/page.html#/pc/national/fsYearData,year_end_resident_population
CN-YN,2017,46930000,NBS,2017-12-31,https://data.stats.gov.cn/dg/website/page.html#/pc/national/fsYearData,year_end_resident_population
CN-YN,2018,47030000,NBS,2018-12-31,https://data.stats.gov.cn/dg/website/page.html#/pc/national/fsYearData,year_end_resident_population
CN-YN,2019,47140000,NBS,2019-12-31,https://data.stats.gov.cn/dg/website/page.html#/pc/national/fsYearData,year_end_resident_population
CN-YN,2020,47220000,NBS,2020-12-31,https://data.stats.gov.cn/dg/website/page.html#/pc/national/fsYearData,year_end_resident_population
CN-YN,2021,46900000,NBS,2021-12-31,https://data.stats.gov.cn/dg/website/page.html#/pc/national/fsYearData,year_end_resident_population
CN-YN,2022,46930000,NBS,2022-12-31,https://data.stats.gov.cn/dg/website/page.html#/pc/national/fsYearData,year_end_resident_population
CN-YN,2023,46730000,NBS,2023-12-31,https://data.stats.gov.cn/dg/website/page.html#/pc/national/fsYearData,year_end_resident_population
CN-YN,2024,46550000,NBS,2024-12-31,https://data.stats.gov.cn/dg/website/page.html#/pc/national/fsYearData,year_end_resident_population
CN-YN,2025,46440000,NBS,2025-12-31,https://data.stats.gov.cn/dg/website/page.html#/pc/national/fsYearData,year_end_resident_population
CN-ZJ,2000,46800000,NBS,2000-12-31,https://data.stats.gov.cn/dg/website/page.html#/pc/national/fsYearData,year_end_resident_population
CN-ZJ,2001,47290000,NBS,2001-12-31,https://data.stats.gov.cn/dg/website/page.html#/pc/national/fsYearData,year_end_resident_population
CN-ZJ,2002,47760000,NBS,2002-12-31,https://data.stats.gov.cn/dg/website/page.html#/pc/national/fsYearData,year_end_resident_population
CN-ZJ,2003,48570000,NBS,2003-12-31,https://data.stats.gov.cn/dg/website/page.html#/pc/national/fsYearData,year_end_resident_population
CN-ZJ,2004,49250000,NBS,2004-12-31,https://data.stats.gov.cn/dg/website/page.html#/pc/national/fsYearData,year_end_resident_population
CN-ZJ,2005,49910000,NBS,2005-12-31,https://data.stats.gov.cn/dg/website/page.html#/pc/national/fsYearData,year_end_resident_population
CN-ZJ,2006,50720000,NBS,2006-12-31,https://data.stats.gov.cn/dg/website/page.html#/pc/national/fsYearData,year_end_resident_population
CN-ZJ,2007,51550000,NBS,2007-12-31,https://data.stats.gov.cn/dg/website/page.html#/pc/national/fsYearData,year_end_resident_population
CN-ZJ,2008,52120000,NBS,2008-12-31,https://data.stats.gov.cn/dg/website/page.html#/pc/national/fsYearData,year_end_resident_population
CN-ZJ,2009,52760000,NBS,2009-12-31,https://data.stats.gov.cn/dg/website/page.html#/pc/national/fsYearData,year_end_resident_population
CN-ZJ,2010,54470000,NBS,2010-12-31,https://data.stats.gov.cn/dg/website/page.html#/pc/national/fsYearData,year_end_resident_population
CN-ZJ,2011,55700000,NBS,2011-12-31,https://data.stats.gov.cn/dg/website/page.html#/pc/national/fsYearData,year_end_resident_population
CN-ZJ,2012,56850000,NBS,2012-12-31,https://data.stats.gov.cn/dg/website/page.html#/pc/national/fsYearData,year_end_resident_population
CN-ZJ,2013,57840000,NBS,2013-12-31,https://data.stats.gov.cn/dg/website/page.html#/pc/national/fsYearData,year_end_resident_population
CN-ZJ,2014,58900000,NBS,2014-12-31,https://data.stats.gov.cn/dg/website/page.html#/pc/national/fsYearData,year_end_resident_population
CN-ZJ,2015,59850000,NBS,2015-12-31,https://data.stats.gov.cn/dg/website/page.html#/pc/national/fsYearData,year_end_resident_population
CN-ZJ,2016,60720000,NBS,2016-12-31,https://data.stats.gov.cn/dg/website/page.html#/pc/national/fsYearData,year_end_resident_population
CN-ZJ,2017,61700000,NBS,2017-12-31,https://data.stats.gov.cn/dg/website/page.html#/pc/national/fsYearData,year_end_resident_population
CN-ZJ,2018,62730000,NBS,2018-12-31,https://data.stats.gov.cn/dg/website/page.html#/pc/national/fsYearData,year_end_resident_population
CN-ZJ,2019,63750000,NBS,2019-12-31,https://data.stats.gov.cn/dg/website/page.html#/pc/national/fsYearData,year_end_resident_population
CN-ZJ,2020,64680000,NBS,2020-12-31,https://data.stats.gov.cn/dg/website/page.html#/pc/national/fsYearData,year_end_resident_population
CN-ZJ,2021,65400000,NBS,2021-12-31,https://data.stats.gov.cn/dg/website/page.html#/pc/national/fsYearData,year_end_resident_population
CN-ZJ,2022,65770000,NBS,2022-12-31,https://data.stats.gov.cn/dg/website/page.html#/pc/national/fsYearData,year_end_resident_population
CN-ZJ,2023,66270000,NBS,2023-12-31,https://data.stats.gov.cn/dg/website/page.html#/pc/national/fsYearData,year_end_resident_population
CN-ZJ,2024,66700000,NBS,2024-12-31,https://data.stats.gov.cn/dg/website/page.html#/pc/national/fsYearData,year_end_resident_population
CN-ZJ,2025,67010000,NBS,2025-12-31,https://data.stats.gov.cn/dg/website/page.html#/pc/national/fsYearData,year_end_resident_population
